"","Species","Life_Stage","Hydraulic","TimePeriod","position","Node","Probability_Threshold","code","Scenario","Overall_Class"
"1","Chub","Adult","Depth","critical","slice1","J05-010","High","J05-010_slice1","201105_Aliso_Recalibration_Update","Low"
"2","Chub","Adult","Depth","critical","slice1","J05-010","High","J05-010_slice1","201111_Aliso_Water_Conservation_Scenario","Low"
"3","Chub","Adult","Depth","critical","slice1","J05-010","Low","J05-010_slice1","201105_Aliso_Recalibration_Update","Low"
"4","Chub","Adult","Depth","critical","slice1","J05-010","Low","J05-010_slice1","201111_Aliso_Water_Conservation_Scenario","Low"
"5","Chub","Adult","Depth","critical","slice1","J05-010","Medium","J05-010_slice1","201105_Aliso_Recalibration_Update","Low"
"6","Chub","Adult","Depth","critical","slice1","J05-010","Medium","J05-010_slice1","201111_Aliso_Water_Conservation_Scenario","Low"
"7","Chub","Adult","Depth","critical","slice1","J07-010","High","J07-010_slice1","201105_Aliso_Recalibration_Update","Low"
"8","Chub","Adult","Depth","critical","slice1","J07-010","High","J07-010_slice1","201111_Aliso_Water_Conservation_Scenario","Low"
"9","Chub","Adult","Depth","critical","slice1","J07-010","Low","J07-010_slice1","201105_Aliso_Recalibration_Update","Low"
"10","Chub","Adult","Depth","critical","slice1","J07-010","Low","J07-010_slice1","201111_Aliso_Water_Conservation_Scenario","Low"
"11","Chub","Adult","Depth","critical","slice1","J07-010","Medium","J07-010_slice1","201105_Aliso_Recalibration_Update","Low"
"12","Chub","Adult","Depth","critical","slice1","J07-010","Medium","J07-010_slice1","201111_Aliso_Water_Conservation_Scenario","Low"
"13","Chub","Adult","Depth","critical","slice1","L02-020","High","L02-020_slice1","210422_San_Juan_Existing_Conditions","Low"
"14","Chub","Adult","Depth","critical","slice1","L02-020","High","L02-020_slice1","210422_San_Juan_Water_Conservation","Low"
"15","Chub","Adult","Depth","critical","slice1","L02-020","Low","L02-020_slice1","210422_San_Juan_Existing_Conditions","Low"
"16","Chub","Adult","Depth","critical","slice1","L02-020","Low","L02-020_slice1","210422_San_Juan_Water_Conservation","Low"
"17","Chub","Adult","Depth","critical","slice1","L02-020","Medium","L02-020_slice1","210422_San_Juan_Existing_Conditions","Low"
"18","Chub","Adult","Depth","critical","slice1","L02-020","Medium","L02-020_slice1","210422_San_Juan_Water_Conservation","Low"
"19","Chub","Adult","Depth","critical","slice1","L03-011","High","L03-011_slice1","210422_San_Juan_Existing_Conditions","Low"
"20","Chub","Adult","Depth","critical","slice1","L03-011","High","L03-011_slice1","210422_San_Juan_Water_Conservation","Low"
"21","Chub","Adult","Depth","critical","slice1","L03-011","Low","L03-011_slice1","210422_San_Juan_Existing_Conditions","Low"
"22","Chub","Adult","Depth","critical","slice1","L03-011","Low","L03-011_slice1","210422_San_Juan_Water_Conservation","Low"
"23","Chub","Adult","Depth","critical","slice1","L03-011","Medium","L03-011_slice1","210422_San_Juan_Existing_Conditions","Low"
"24","Chub","Adult","Depth","critical","slice1","L03-011","Medium","L03-011_slice1","210422_San_Juan_Water_Conservation","Low"
"25","Chub","Adult","Depth","critical","slice2","I01-012","High","I01-012_slice2","201118_Oso,_Small_Creeks_Existing_Conditions","Low"
"26","Chub","Adult","Depth","critical","slice2","I01-012","High","I01-012_slice2","201119_Oso,_Small_Creeks_Water_Conservation_Scenario","Low"
"27","Chub","Adult","Depth","critical","slice2","I01-012","Low","I01-012_slice2","201118_Oso,_Small_Creeks_Existing_Conditions","Low"
"28","Chub","Adult","Depth","critical","slice2","I01-012","Low","I01-012_slice2","201119_Oso,_Small_Creeks_Water_Conservation_Scenario","Low"
"29","Chub","Adult","Depth","critical","slice2","I01-012","Medium","I01-012_slice2","201118_Oso,_Small_Creeks_Existing_Conditions","Low"
"30","Chub","Adult","Depth","critical","slice2","I01-012","Medium","I01-012_slice2","201119_Oso,_Small_Creeks_Water_Conservation_Scenario","Low"
"31","Chub","Adult","Depth","critical","slice2","I01-020","High","I01-020_slice2","201118_Oso,_Small_Creeks_Existing_Conditions","Low"
"32","Chub","Adult","Depth","critical","slice2","I01-020","High","I01-020_slice2","201119_Oso,_Small_Creeks_Water_Conservation_Scenario","Low"
"33","Chub","Adult","Depth","critical","slice2","I01-020","Low","I01-020_slice2","201118_Oso,_Small_Creeks_Existing_Conditions","Low"
"34","Chub","Adult","Depth","critical","slice2","I01-020","Low","I01-020_slice2","201119_Oso,_Small_Creeks_Water_Conservation_Scenario","Low"
"35","Chub","Adult","Depth","critical","slice2","I01-020","Medium","I01-020_slice2","201118_Oso,_Small_Creeks_Existing_Conditions","Low"
"36","Chub","Adult","Depth","critical","slice2","I01-020","Medium","I01-020_slice2","201119_Oso,_Small_Creeks_Water_Conservation_Scenario","Low"
"37","Chub","Adult","Depth","critical","slice2","J01-010","High","J01-010_slice2","201105_Aliso_Recalibration_Update","Low"
"38","Chub","Adult","Depth","critical","slice2","J01-010","High","J01-010_slice2","201111_Aliso_Water_Conservation_Scenario","Low"
"39","Chub","Adult","Depth","critical","slice2","J01-010","Low","J01-010_slice2","201105_Aliso_Recalibration_Update","Low"
"40","Chub","Adult","Depth","critical","slice2","J01-010","Low","J01-010_slice2","201111_Aliso_Water_Conservation_Scenario","Low"
"41","Chub","Adult","Depth","critical","slice2","J01-010","Medium","J01-010_slice2","201105_Aliso_Recalibration_Update","Low"
"42","Chub","Adult","Depth","critical","slice2","J01-010","Medium","J01-010_slice2","201111_Aliso_Water_Conservation_Scenario","Low"
"43","Chub","Adult","Depth","critical","slice2","J01-031","High","J01-031_slice2","201105_Aliso_Recalibration_Update","Low"
"44","Chub","Adult","Depth","critical","slice2","J01-031","High","J01-031_slice2","201111_Aliso_Water_Conservation_Scenario","Low"
"45","Chub","Adult","Depth","critical","slice2","J01-031","Low","J01-031_slice2","201105_Aliso_Recalibration_Update","Low"
"46","Chub","Adult","Depth","critical","slice2","J01-031","Low","J01-031_slice2","201111_Aliso_Water_Conservation_Scenario","Low"
"47","Chub","Adult","Depth","critical","slice2","J01-031","Medium","J01-031_slice2","201105_Aliso_Recalibration_Update","Low"
"48","Chub","Adult","Depth","critical","slice2","J01-031","Medium","J01-031_slice2","201111_Aliso_Water_Conservation_Scenario","Low"
"49","Chub","Adult","Depth","critical","slice2","J01-041","High","J01-041_slice2","201105_Aliso_Recalibration_Update","Low"
"50","Chub","Adult","Depth","critical","slice2","J01-041","High","J01-041_slice2","201111_Aliso_Water_Conservation_Scenario","Low"
"51","Chub","Adult","Depth","critical","slice2","J01-041","Low","J01-041_slice2","201105_Aliso_Recalibration_Update","Low"
"52","Chub","Adult","Depth","critical","slice2","J01-041","Low","J01-041_slice2","201111_Aliso_Water_Conservation_Scenario","Low"
"53","Chub","Adult","Depth","critical","slice2","J01-041","Medium","J01-041_slice2","201105_Aliso_Recalibration_Update","Low"
"54","Chub","Adult","Depth","critical","slice2","J01-041","Medium","J01-041_slice2","201111_Aliso_Water_Conservation_Scenario","Low"
"55","Chub","Adult","Depth","critical","slice2","J01-060","High","J01-060_slice2","201105_Aliso_Recalibration_Update","Low"
"56","Chub","Adult","Depth","critical","slice2","J01-060","High","J01-060_slice2","201111_Aliso_Water_Conservation_Scenario","Low"
"57","Chub","Adult","Depth","critical","slice2","J01-060","Low","J01-060_slice2","201105_Aliso_Recalibration_Update","Low"
"58","Chub","Adult","Depth","critical","slice2","J01-060","Low","J01-060_slice2","201111_Aliso_Water_Conservation_Scenario","Low"
"59","Chub","Adult","Depth","critical","slice2","J01-060","Medium","J01-060_slice2","201105_Aliso_Recalibration_Update","Low"
"60","Chub","Adult","Depth","critical","slice2","J01-060","Medium","J01-060_slice2","201111_Aliso_Water_Conservation_Scenario","Low"
"61","Chub","Adult","Depth","critical","slice2","J01-061","High","J01-061_slice2","201105_Aliso_Recalibration_Update","Low"
"62","Chub","Adult","Depth","critical","slice2","J01-061","High","J01-061_slice2","201111_Aliso_Water_Conservation_Scenario","Low"
"63","Chub","Adult","Depth","critical","slice2","J01-061","Low","J01-061_slice2","201105_Aliso_Recalibration_Update","Low"
"64","Chub","Adult","Depth","critical","slice2","J01-061","Low","J01-061_slice2","201111_Aliso_Water_Conservation_Scenario","Low"
"65","Chub","Adult","Depth","critical","slice2","J01-061","Medium","J01-061_slice2","201105_Aliso_Recalibration_Update","Low"
"66","Chub","Adult","Depth","critical","slice2","J01-061","Medium","J01-061_slice2","201111_Aliso_Water_Conservation_Scenario","Low"
"67","Chub","Adult","Depth","critical","slice2","J01-090","High","J01-090_slice2","201105_Aliso_Recalibration_Update","Low"
"68","Chub","Adult","Depth","critical","slice2","J01-090","High","J01-090_slice2","201111_Aliso_Water_Conservation_Scenario","Low"
"69","Chub","Adult","Depth","critical","slice2","J01-090","Low","J01-090_slice2","201105_Aliso_Recalibration_Update","Low"
"70","Chub","Adult","Depth","critical","slice2","J01-090","Low","J01-090_slice2","201111_Aliso_Water_Conservation_Scenario","Low"
"71","Chub","Adult","Depth","critical","slice2","J01-090","Medium","J01-090_slice2","201105_Aliso_Recalibration_Update","Low"
"72","Chub","Adult","Depth","critical","slice2","J01-090","Medium","J01-090_slice2","201111_Aliso_Water_Conservation_Scenario","Low"
"73","Chub","Adult","Depth","critical","slice2","J01-091","High","J01-091_slice2","201105_Aliso_Recalibration_Update","Low"
"74","Chub","Adult","Depth","critical","slice2","J01-091","High","J01-091_slice2","201111_Aliso_Water_Conservation_Scenario","Low"
"75","Chub","Adult","Depth","critical","slice2","J01-091","Low","J01-091_slice2","201105_Aliso_Recalibration_Update","Low"
"76","Chub","Adult","Depth","critical","slice2","J01-091","Low","J01-091_slice2","201111_Aliso_Water_Conservation_Scenario","Low"
"77","Chub","Adult","Depth","critical","slice2","J01-091","Medium","J01-091_slice2","201105_Aliso_Recalibration_Update","Low"
"78","Chub","Adult","Depth","critical","slice2","J01-091","Medium","J01-091_slice2","201111_Aliso_Water_Conservation_Scenario","Low"
"79","Chub","Adult","Depth","critical","slice2","J01-100","High","J01-100_slice2","201105_Aliso_Recalibration_Update","Low"
"80","Chub","Adult","Depth","critical","slice2","J01-100","High","J01-100_slice2","201111_Aliso_Water_Conservation_Scenario","Low"
"81","Chub","Adult","Depth","critical","slice2","J01-100","Low","J01-100_slice2","201105_Aliso_Recalibration_Update","Low"
"82","Chub","Adult","Depth","critical","slice2","J01-100","Low","J01-100_slice2","201111_Aliso_Water_Conservation_Scenario","Low"
"83","Chub","Adult","Depth","critical","slice2","J01-100","Medium","J01-100_slice2","201105_Aliso_Recalibration_Update","Low"
"84","Chub","Adult","Depth","critical","slice2","J01-100","Medium","J01-100_slice2","201111_Aliso_Water_Conservation_Scenario","Low"
"85","Chub","Adult","Depth","critical","slice2","J03-010","High","J03-010_slice2","201105_Aliso_Recalibration_Update","Low"
"86","Chub","Adult","Depth","critical","slice2","J03-010","High","J03-010_slice2","201111_Aliso_Water_Conservation_Scenario","Low"
"87","Chub","Adult","Depth","critical","slice2","J03-010","Low","J03-010_slice2","201105_Aliso_Recalibration_Update","Low"
"88","Chub","Adult","Depth","critical","slice2","J03-010","Low","J03-010_slice2","201111_Aliso_Water_Conservation_Scenario","Low"
"89","Chub","Adult","Depth","critical","slice2","J03-010","Medium","J03-010_slice2","201105_Aliso_Recalibration_Update","Low"
"90","Chub","Adult","Depth","critical","slice2","J03-010","Medium","J03-010_slice2","201111_Aliso_Water_Conservation_Scenario","Low"
"91","Chub","Adult","Depth","critical","slice2","K01-011","High","K01-011_slice2","201118_Oso,_Small_Creeks_Existing_Conditions","Low"
"92","Chub","Adult","Depth","critical","slice2","K01-011","High","K01-011_slice2","201119_Oso,_Small_Creeks_Water_Conservation_Scenario","Low"
"93","Chub","Adult","Depth","critical","slice2","K01-011","Low","K01-011_slice2","201118_Oso,_Small_Creeks_Existing_Conditions","Low"
"94","Chub","Adult","Depth","critical","slice2","K01-011","Low","K01-011_slice2","201119_Oso,_Small_Creeks_Water_Conservation_Scenario","Low"
"95","Chub","Adult","Depth","critical","slice2","K01-011","Medium","K01-011_slice2","201118_Oso,_Small_Creeks_Existing_Conditions","Low"
"96","Chub","Adult","Depth","critical","slice2","K01-011","Medium","K01-011_slice2","201119_Oso,_Small_Creeks_Water_Conservation_Scenario","Low"
"97","Chub","Adult","Depth","critical","slice2","K01-020","High","K01-020_slice2","201118_Oso,_Small_Creeks_Existing_Conditions","Low"
"98","Chub","Adult","Depth","critical","slice2","K01-020","High","K01-020_slice2","201119_Oso,_Small_Creeks_Water_Conservation_Scenario","Low"
"99","Chub","Adult","Depth","critical","slice2","K01-020","Low","K01-020_slice2","201118_Oso,_Small_Creeks_Existing_Conditions","Low"
"100","Chub","Adult","Depth","critical","slice2","K01-020","Low","K01-020_slice2","201119_Oso,_Small_Creeks_Water_Conservation_Scenario","Low"
"101","Chub","Adult","Depth","critical","slice2","K01-020","Medium","K01-020_slice2","201118_Oso,_Small_Creeks_Existing_Conditions","Low"
"102","Chub","Adult","Depth","critical","slice2","K01-020","Medium","K01-020_slice2","201119_Oso,_Small_Creeks_Water_Conservation_Scenario","Low"
"103","Chub","Adult","Depth","critical","slice2","K01-030","High","K01-030_slice2","201118_Oso,_Small_Creeks_Existing_Conditions","Low"
"104","Chub","Adult","Depth","critical","slice2","K01-030","High","K01-030_slice2","201119_Oso,_Small_Creeks_Water_Conservation_Scenario","Low"
"105","Chub","Adult","Depth","critical","slice2","K01-030","Low","K01-030_slice2","201118_Oso,_Small_Creeks_Existing_Conditions","Low"
"106","Chub","Adult","Depth","critical","slice2","K01-030","Low","K01-030_slice2","201119_Oso,_Small_Creeks_Water_Conservation_Scenario","Low"
"107","Chub","Adult","Depth","critical","slice2","K01-030","Medium","K01-030_slice2","201118_Oso,_Small_Creeks_Existing_Conditions","Low"
"108","Chub","Adult","Depth","critical","slice2","K01-030","Medium","K01-030_slice2","201119_Oso,_Small_Creeks_Water_Conservation_Scenario","Low"
"109","Chub","Adult","Depth","critical","slice2","L02-010","High","L02-010_slice2","210422_San_Juan_Existing_Conditions","Low"
"110","Chub","Adult","Depth","critical","slice2","L02-010","High","L02-010_slice2","210422_San_Juan_Water_Conservation","Low"
"111","Chub","Adult","Depth","critical","slice2","L02-010","Low","L02-010_slice2","210422_San_Juan_Existing_Conditions","Low"
"112","Chub","Adult","Depth","critical","slice2","L02-010","Low","L02-010_slice2","210422_San_Juan_Water_Conservation","Low"
"113","Chub","Adult","Depth","critical","slice2","L02-010","Medium","L02-010_slice2","210422_San_Juan_Existing_Conditions","Low"
"114","Chub","Adult","Depth","critical","slice2","L02-010","Medium","L02-010_slice2","210422_San_Juan_Water_Conservation","Low"
"115","Chub","Adult","Depth","critical","slice2","L02-022","High","L02-022_slice2","210422_San_Juan_Existing_Conditions","Low"
"116","Chub","Adult","Depth","critical","slice2","L02-022","High","L02-022_slice2","210422_San_Juan_Water_Conservation","Low"
"117","Chub","Adult","Depth","critical","slice2","L02-022","Low","L02-022_slice2","210422_San_Juan_Existing_Conditions","Low"
"118","Chub","Adult","Depth","critical","slice2","L02-022","Low","L02-022_slice2","210422_San_Juan_Water_Conservation","Low"
"119","Chub","Adult","Depth","critical","slice2","L02-022","Medium","L02-022_slice2","210422_San_Juan_Existing_Conditions","Low"
"120","Chub","Adult","Depth","critical","slice2","L02-022","Medium","L02-022_slice2","210422_San_Juan_Water_Conservation","Low"
"121","Chub","Adult","Depth","critical","slice2","L02-030","High","L02-030_slice2","210422_San_Juan_Existing_Conditions","Low"
"122","Chub","Adult","Depth","critical","slice2","L02-030","High","L02-030_slice2","210422_San_Juan_Water_Conservation","Low"
"123","Chub","Adult","Depth","critical","slice2","L02-030","Low","L02-030_slice2","210422_San_Juan_Existing_Conditions","Low"
"124","Chub","Adult","Depth","critical","slice2","L02-030","Low","L02-030_slice2","210422_San_Juan_Water_Conservation","Low"
"125","Chub","Adult","Depth","critical","slice2","L02-030","Medium","L02-030_slice2","210422_San_Juan_Existing_Conditions","Low"
"126","Chub","Adult","Depth","critical","slice2","L02-030","Medium","L02-030_slice2","210422_San_Juan_Water_Conservation","Low"
"127","Chub","Adult","Depth","critical","slice2","L02-041","High","L02-041_slice2","210422_San_Juan_Existing_Conditions","Low"
"128","Chub","Adult","Depth","critical","slice2","L02-041","High","L02-041_slice2","210422_San_Juan_Water_Conservation","Low"
"129","Chub","Adult","Depth","critical","slice2","L02-041","Low","L02-041_slice2","210422_San_Juan_Existing_Conditions","Low"
"130","Chub","Adult","Depth","critical","slice2","L02-041","Low","L02-041_slice2","210422_San_Juan_Water_Conservation","Low"
"131","Chub","Adult","Depth","critical","slice2","L02-041","Medium","L02-041_slice2","210422_San_Juan_Existing_Conditions","Low"
"132","Chub","Adult","Depth","critical","slice2","L02-041","Medium","L02-041_slice2","210422_San_Juan_Water_Conservation","Low"
"133","Chub","Adult","Depth","critical","slice2","L02-050","High","L02-050_slice2","210422_San_Juan_Existing_Conditions","Low"
"134","Chub","Adult","Depth","critical","slice2","L02-050","High","L02-050_slice2","210422_San_Juan_Water_Conservation","Low"
"135","Chub","Adult","Depth","critical","slice2","L02-050","Low","L02-050_slice2","210422_San_Juan_Existing_Conditions","Low"
"136","Chub","Adult","Depth","critical","slice2","L02-050","Low","L02-050_slice2","210422_San_Juan_Water_Conservation","Low"
"137","Chub","Adult","Depth","critical","slice2","L02-050","Medium","L02-050_slice2","210422_San_Juan_Existing_Conditions","Low"
"138","Chub","Adult","Depth","critical","slice2","L02-050","Medium","L02-050_slice2","210422_San_Juan_Water_Conservation","Low"
"139","Chub","Adult","Depth","critical","slice2","L02-051","High","L02-051_slice2","210422_San_Juan_Existing_Conditions","Low"
"140","Chub","Adult","Depth","critical","slice2","L02-051","High","L02-051_slice2","210422_San_Juan_Water_Conservation","Low"
"141","Chub","Adult","Depth","critical","slice2","L02-051","Low","L02-051_slice2","210422_San_Juan_Existing_Conditions","Low"
"142","Chub","Adult","Depth","critical","slice2","L02-051","Low","L02-051_slice2","210422_San_Juan_Water_Conservation","Low"
"143","Chub","Adult","Depth","critical","slice2","L02-051","Medium","L02-051_slice2","210422_San_Juan_Existing_Conditions","Low"
"144","Chub","Adult","Depth","critical","slice2","L02-051","Medium","L02-051_slice2","210422_San_Juan_Water_Conservation","Low"
"145","Chub","Adult","Depth","critical","slice2","L03-010","High","L03-010_slice2","210422_San_Juan_Existing_Conditions","Low"
"146","Chub","Adult","Depth","critical","slice2","L03-010","High","L03-010_slice2","210422_San_Juan_Water_Conservation","Low"
"147","Chub","Adult","Depth","critical","slice2","L03-010","Low","L03-010_slice2","210422_San_Juan_Existing_Conditions","Low"
"148","Chub","Adult","Depth","critical","slice2","L03-010","Low","L03-010_slice2","210422_San_Juan_Water_Conservation","Low"
"149","Chub","Adult","Depth","critical","slice2","L03-010","Medium","L03-010_slice2","210422_San_Juan_Existing_Conditions","Low"
"150","Chub","Adult","Depth","critical","slice2","L03-010","Medium","L03-010_slice2","210422_San_Juan_Water_Conservation","Low"
"151","Chub","Adult","Depth","critical","slice2","L03-020","High","L03-020_slice2","210422_San_Juan_Existing_Conditions","Low"
"152","Chub","Adult","Depth","critical","slice2","L03-020","High","L03-020_slice2","210422_San_Juan_Water_Conservation","Low"
"153","Chub","Adult","Depth","critical","slice2","L03-020","Low","L03-020_slice2","210422_San_Juan_Existing_Conditions","Low"
"154","Chub","Adult","Depth","critical","slice2","L03-020","Low","L03-020_slice2","210422_San_Juan_Water_Conservation","Low"
"155","Chub","Adult","Depth","critical","slice2","L03-020","Medium","L03-020_slice2","210422_San_Juan_Existing_Conditions","Low"
"156","Chub","Adult","Depth","critical","slice2","L03-020","Medium","L03-020_slice2","210422_San_Juan_Water_Conservation","Low"
"157","Chub","Adult","Depth","critical","slice2","L04-010","High","L04-010_slice2","210422_San_Juan_Existing_Conditions","Low"
"158","Chub","Adult","Depth","critical","slice2","L04-010","High","L04-010_slice2","210422_San_Juan_Water_Conservation","Low"
"159","Chub","Adult","Depth","critical","slice2","L04-010","Low","L04-010_slice2","210422_San_Juan_Existing_Conditions","Low"
"160","Chub","Adult","Depth","critical","slice2","L04-010","Low","L04-010_slice2","210422_San_Juan_Water_Conservation","Low"
"161","Chub","Adult","Depth","critical","slice2","L04-010","Medium","L04-010_slice2","210422_San_Juan_Existing_Conditions","Low"
"162","Chub","Adult","Depth","critical","slice2","L04-010","Medium","L04-010_slice2","210422_San_Juan_Water_Conservation","Low"
"163","Chub","Adult","Depth","critical","slice2","L05-010","High","L05-010_slice2","210422_San_Juan_Existing_Conditions","Low"
"164","Chub","Adult","Depth","critical","slice2","L05-010","High","L05-010_slice2","210422_San_Juan_Water_Conservation","Low"
"165","Chub","Adult","Depth","critical","slice2","L05-010","Low","L05-010_slice2","210422_San_Juan_Existing_Conditions","Low"
"166","Chub","Adult","Depth","critical","slice2","L05-010","Low","L05-010_slice2","210422_San_Juan_Water_Conservation","Low"
"167","Chub","Adult","Depth","critical","slice2","L05-010","Medium","L05-010_slice2","210422_San_Juan_Existing_Conditions","Low"
"168","Chub","Adult","Depth","critical","slice2","L05-010","Medium","L05-010_slice2","210422_San_Juan_Water_Conservation","Low"
"169","Chub","Adult","Depth","critical","slice2","M01-011","High","M01-011_slice2","201118_Oso,_Small_Creeks_Existing_Conditions","Low"
"170","Chub","Adult","Depth","critical","slice2","M01-011","High","M01-011_slice2","201119_Oso,_Small_Creeks_Water_Conservation_Scenario","Low"
"171","Chub","Adult","Depth","critical","slice2","M01-011","Low","M01-011_slice2","201118_Oso,_Small_Creeks_Existing_Conditions","Low"
"172","Chub","Adult","Depth","critical","slice2","M01-011","Low","M01-011_slice2","201119_Oso,_Small_Creeks_Water_Conservation_Scenario","Low"
"173","Chub","Adult","Depth","critical","slice2","M01-011","Medium","M01-011_slice2","201118_Oso,_Small_Creeks_Existing_Conditions","Low"
"174","Chub","Adult","Depth","critical","slice2","M01-011","Medium","M01-011_slice2","201119_Oso,_Small_Creeks_Water_Conservation_Scenario","Low"
"175","Chub","Adult","Depth","critical","slice2","M01-020","High","M01-020_slice2","201118_Oso,_Small_Creeks_Existing_Conditions","Low"
"176","Chub","Adult","Depth","critical","slice2","M01-020","High","M01-020_slice2","201119_Oso,_Small_Creeks_Water_Conservation_Scenario","Low"
"177","Chub","Adult","Depth","critical","slice2","M01-020","Low","M01-020_slice2","201118_Oso,_Small_Creeks_Existing_Conditions","Low"
"178","Chub","Adult","Depth","critical","slice2","M01-020","Low","M01-020_slice2","201119_Oso,_Small_Creeks_Water_Conservation_Scenario","Low"
"179","Chub","Adult","Depth","critical","slice2","M01-020","Medium","M01-020_slice2","201118_Oso,_Small_Creeks_Existing_Conditions","Low"
"180","Chub","Adult","Depth","critical","slice2","M01-020","Medium","M01-020_slice2","201119_Oso,_Small_Creeks_Water_Conservation_Scenario","Low"
"181","Chub","Adult","Depth","critical","slice2","M02-020","High","M02-020_slice2","201118_Oso,_Small_Creeks_Existing_Conditions","Low"
"182","Chub","Adult","Depth","critical","slice2","M02-020","High","M02-020_slice2","201119_Oso,_Small_Creeks_Water_Conservation_Scenario","Low"
"183","Chub","Adult","Depth","critical","slice2","M02-020","Low","M02-020_slice2","201118_Oso,_Small_Creeks_Existing_Conditions","Low"
"184","Chub","Adult","Depth","critical","slice2","M02-020","Low","M02-020_slice2","201119_Oso,_Small_Creeks_Water_Conservation_Scenario","Low"
"185","Chub","Adult","Depth","critical","slice2","M02-020","Medium","M02-020_slice2","201118_Oso,_Small_Creeks_Existing_Conditions","Low"
"186","Chub","Adult","Depth","critical","slice2","M02-020","Medium","M02-020_slice2","201119_Oso,_Small_Creeks_Water_Conservation_Scenario","Low"
"187","Chub","Adult","Depth","critical","slice3","J01-020","High","J01-020_slice3","201105_Aliso_Recalibration_Update","Low"
"188","Chub","Adult","Depth","critical","slice3","J01-020","High","J01-020_slice3","201111_Aliso_Water_Conservation_Scenario","Low"
"189","Chub","Adult","Depth","critical","slice3","J01-020","Low","J01-020_slice3","201105_Aliso_Recalibration_Update","Low"
"190","Chub","Adult","Depth","critical","slice3","J01-020","Low","J01-020_slice3","201111_Aliso_Water_Conservation_Scenario","Low"
"191","Chub","Adult","Depth","critical","slice3","J01-020","Medium","J01-020_slice3","201105_Aliso_Recalibration_Update","Low"
"192","Chub","Adult","Depth","critical","slice3","J01-020","Medium","J01-020_slice3","201111_Aliso_Water_Conservation_Scenario","Low"
"193","Chub","Adult","Depth","critical","slice3","J01-030","High","J01-030_slice3","201105_Aliso_Recalibration_Update","Low"
"194","Chub","Adult","Depth","critical","slice3","J01-030","High","J01-030_slice3","201111_Aliso_Water_Conservation_Scenario","Low"
"195","Chub","Adult","Depth","critical","slice3","J01-030","Low","J01-030_slice3","201105_Aliso_Recalibration_Update","Low"
"196","Chub","Adult","Depth","critical","slice3","J01-030","Low","J01-030_slice3","201111_Aliso_Water_Conservation_Scenario","Low"
"197","Chub","Adult","Depth","critical","slice3","J01-030","Medium","J01-030_slice3","201105_Aliso_Recalibration_Update","Low"
"198","Chub","Adult","Depth","critical","slice3","J01-030","Medium","J01-030_slice3","201111_Aliso_Water_Conservation_Scenario","Low"
"199","Chub","Adult","Depth","critical","slice3","J04-010","High","J04-010_slice3","201105_Aliso_Recalibration_Update","Low"
"200","Chub","Adult","Depth","critical","slice3","J04-010","High","J04-010_slice3","201111_Aliso_Water_Conservation_Scenario","Low"
"201","Chub","Adult","Depth","critical","slice3","J04-010","Low","J04-010_slice3","201105_Aliso_Recalibration_Update","Low"
"202","Chub","Adult","Depth","critical","slice3","J04-010","Low","J04-010_slice3","201111_Aliso_Water_Conservation_Scenario","Low"
"203","Chub","Adult","Depth","critical","slice3","J04-010","Medium","J04-010_slice3","201105_Aliso_Recalibration_Update","Low"
"204","Chub","Adult","Depth","critical","slice3","J04-010","Medium","J04-010_slice3","201111_Aliso_Water_Conservation_Scenario","Low"
"205","Chub","Adult","Depth","critical","slice3","K01-010","High","K01-010_slice3","201118_Oso,_Small_Creeks_Existing_Conditions","Low"
"206","Chub","Adult","Depth","critical","slice3","K01-010","High","K01-010_slice3","201119_Oso,_Small_Creeks_Water_Conservation_Scenario","Low"
"207","Chub","Adult","Depth","critical","slice3","K01-010","Low","K01-010_slice3","201118_Oso,_Small_Creeks_Existing_Conditions","Low"
"208","Chub","Adult","Depth","critical","slice3","K01-010","Low","K01-010_slice3","201119_Oso,_Small_Creeks_Water_Conservation_Scenario","Low"
"209","Chub","Adult","Depth","critical","slice3","K01-010","Medium","K01-010_slice3","201118_Oso,_Small_Creeks_Existing_Conditions","Low"
"210","Chub","Adult","Depth","critical","slice3","K01-010","Medium","K01-010_slice3","201119_Oso,_Small_Creeks_Water_Conservation_Scenario","Low"
"211","Chub","Adult","Depth","critical","slice3","L01-080","High","L01-080_slice3","210422_San_Juan_Existing_Conditions","Low"
"212","Chub","Adult","Depth","critical","slice3","L01-080","High","L01-080_slice3","210422_San_Juan_Water_Conservation","Low"
"213","Chub","Adult","Depth","critical","slice3","L01-080","Low","L01-080_slice3","210422_San_Juan_Existing_Conditions","Low"
"214","Chub","Adult","Depth","critical","slice3","L01-080","Low","L01-080_slice3","210422_San_Juan_Water_Conservation","Low"
"215","Chub","Adult","Depth","critical","slice3","L01-080","Medium","L01-080_slice3","210422_San_Juan_Existing_Conditions","Low"
"216","Chub","Adult","Depth","critical","slice3","L01-080","Medium","L01-080_slice3","210422_San_Juan_Water_Conservation","Low"
"217","Chub","Adult","Depth","critical","slice3","L01-100","High","L01-100_slice3","210422_San_Juan_Existing_Conditions","Low"
"218","Chub","Adult","Depth","critical","slice3","L01-100","High","L01-100_slice3","210422_San_Juan_Water_Conservation","Low"
"219","Chub","Adult","Depth","critical","slice3","L01-100","Low","L01-100_slice3","210422_San_Juan_Existing_Conditions","Low"
"220","Chub","Adult","Depth","critical","slice3","L01-100","Low","L01-100_slice3","210422_San_Juan_Water_Conservation","Low"
"221","Chub","Adult","Depth","critical","slice3","L01-100","Medium","L01-100_slice3","210422_San_Juan_Existing_Conditions","Low"
"222","Chub","Adult","Depth","critical","slice3","L01-100","Medium","L01-100_slice3","210422_San_Juan_Water_Conservation","Low"
"223","Chub","Adult","Depth","critical","slice3","L02-021","High","L02-021_slice3","210422_San_Juan_Existing_Conditions","Low"
"224","Chub","Adult","Depth","critical","slice3","L02-021","High","L02-021_slice3","210422_San_Juan_Water_Conservation","Low"
"225","Chub","Adult","Depth","critical","slice3","L02-021","Low","L02-021_slice3","210422_San_Juan_Existing_Conditions","Low"
"226","Chub","Adult","Depth","critical","slice3","L02-021","Low","L02-021_slice3","210422_San_Juan_Water_Conservation","Low"
"227","Chub","Adult","Depth","critical","slice3","L02-021","Medium","L02-021_slice3","210422_San_Juan_Existing_Conditions","Low"
"228","Chub","Adult","Depth","critical","slice3","L02-021","Medium","L02-021_slice3","210422_San_Juan_Water_Conservation","Low"
"229","Chub","Adult","Depth","critical","slice3","L03-030","High","L03-030_slice3","210422_San_Juan_Existing_Conditions","Low"
"230","Chub","Adult","Depth","critical","slice3","L03-030","High","L03-030_slice3","210422_San_Juan_Water_Conservation","Low"
"231","Chub","Adult","Depth","critical","slice3","L03-030","Low","L03-030_slice3","210422_San_Juan_Existing_Conditions","Low"
"232","Chub","Adult","Depth","critical","slice3","L03-030","Low","L03-030_slice3","210422_San_Juan_Water_Conservation","Low"
"233","Chub","Adult","Depth","critical","slice3","L03-030","Medium","L03-030_slice3","210422_San_Juan_Existing_Conditions","Low"
"234","Chub","Adult","Depth","critical","slice3","L03-030","Medium","L03-030_slice3","210422_San_Juan_Water_Conservation","Low"
"235","Chub","Adult","Depth","critical","slice3","L05-020","High","L05-020_slice3","210422_San_Juan_Existing_Conditions","Low"
"236","Chub","Adult","Depth","critical","slice3","L05-020","High","L05-020_slice3","210422_San_Juan_Water_Conservation","Low"
"237","Chub","Adult","Depth","critical","slice3","L05-020","Low","L05-020_slice3","210422_San_Juan_Existing_Conditions","Low"
"238","Chub","Adult","Depth","critical","slice3","L05-020","Low","L05-020_slice3","210422_San_Juan_Water_Conservation","Low"
"239","Chub","Adult","Depth","critical","slice3","L05-020","Medium","L05-020_slice3","210422_San_Juan_Existing_Conditions","Low"
"240","Chub","Adult","Depth","critical","slice3","L05-020","Medium","L05-020_slice3","210422_San_Juan_Water_Conservation","Low"
"241","Chub","Adult","Depth","critical","slice3","M02-011","High","M02-011_slice3","201118_Oso,_Small_Creeks_Existing_Conditions","Low"
"242","Chub","Adult","Depth","critical","slice3","M02-011","High","M02-011_slice3","201119_Oso,_Small_Creeks_Water_Conservation_Scenario","Low"
"243","Chub","Adult","Depth","critical","slice3","M02-011","Low","M02-011_slice3","201118_Oso,_Small_Creeks_Existing_Conditions","Low"
"244","Chub","Adult","Depth","critical","slice3","M02-011","Low","M02-011_slice3","201119_Oso,_Small_Creeks_Water_Conservation_Scenario","Low"
"245","Chub","Adult","Depth","critical","slice3","M02-011","Medium","M02-011_slice3","201118_Oso,_Small_Creeks_Existing_Conditions","Low"
"246","Chub","Adult","Depth","critical","slice3","M02-011","Medium","M02-011_slice3","201119_Oso,_Small_Creeks_Water_Conservation_Scenario","Low"
"247","Chub","Adult","Depth","critical","slice4","J01-040","High","J01-040_slice4","201105_Aliso_Recalibration_Update","Low"
"248","Chub","Adult","Depth","critical","slice4","J01-040","High","J01-040_slice4","201111_Aliso_Water_Conservation_Scenario","Low"
"249","Chub","Adult","Depth","critical","slice4","J01-040","Low","J01-040_slice4","201105_Aliso_Recalibration_Update","Low"
"250","Chub","Adult","Depth","critical","slice4","J01-040","Low","J01-040_slice4","201111_Aliso_Water_Conservation_Scenario","Low"
"251","Chub","Adult","Depth","critical","slice4","J01-040","Medium","J01-040_slice4","201105_Aliso_Recalibration_Update","Low"
"252","Chub","Adult","Depth","critical","slice4","J01-040","Medium","J01-040_slice4","201111_Aliso_Water_Conservation_Scenario","Low"
"253","Chub","Adult","Depth","critical","slice4","L02-023","High","L02-023_slice4","210422_San_Juan_Existing_Conditions","Low"
"254","Chub","Adult","Depth","critical","slice4","L02-023","High","L02-023_slice4","210422_San_Juan_Water_Conservation","Low"
"255","Chub","Adult","Depth","critical","slice4","L02-023","Low","L02-023_slice4","210422_San_Juan_Existing_Conditions","Low"
"256","Chub","Adult","Depth","critical","slice4","L02-023","Low","L02-023_slice4","210422_San_Juan_Water_Conservation","Low"
"257","Chub","Adult","Depth","critical","slice4","L02-023","Medium","L02-023_slice4","210422_San_Juan_Existing_Conditions","Low"
"258","Chub","Adult","Depth","critical","slice4","L02-023","Medium","L02-023_slice4","210422_San_Juan_Water_Conservation","Low"
"259","Chub","Adult","Depth","critical","slice4","L02-031","High","L02-031_slice4","210422_San_Juan_Existing_Conditions","Low"
"260","Chub","Adult","Depth","critical","slice4","L02-031","High","L02-031_slice4","210422_San_Juan_Water_Conservation","Low"
"261","Chub","Adult","Depth","critical","slice4","L02-031","Low","L02-031_slice4","210422_San_Juan_Existing_Conditions","Low"
"262","Chub","Adult","Depth","critical","slice4","L02-031","Low","L02-031_slice4","210422_San_Juan_Water_Conservation","Low"
"263","Chub","Adult","Depth","critical","slice4","L02-031","Medium","L02-031_slice4","210422_San_Juan_Existing_Conditions","Low"
"264","Chub","Adult","Depth","critical","slice4","L02-031","Medium","L02-031_slice4","210422_San_Juan_Water_Conservation","Low"
"265","Chub","Adult","Depth","critical","slice4","L02-040","High","L02-040_slice4","210422_San_Juan_Existing_Conditions","Low"
"266","Chub","Adult","Depth","critical","slice4","L02-040","High","L02-040_slice4","210422_San_Juan_Water_Conservation","Low"
"267","Chub","Adult","Depth","critical","slice4","L02-040","Low","L02-040_slice4","210422_San_Juan_Existing_Conditions","Low"
"268","Chub","Adult","Depth","critical","slice4","L02-040","Low","L02-040_slice4","210422_San_Juan_Water_Conservation","Low"
"269","Chub","Adult","Depth","critical","slice4","L02-040","Medium","L02-040_slice4","210422_San_Juan_Existing_Conditions","Low"
"270","Chub","Adult","Depth","critical","slice4","L02-040","Medium","L02-040_slice4","210422_San_Juan_Water_Conservation","Low"
"271","Chub","Adult","Velocity","critical","slice1","J05-010","High","J05-010_slice1","201105_Aliso_Recalibration_Update","Low"
"272","Chub","Adult","Velocity","critical","slice1","J05-010","High","J05-010_slice1","201111_Aliso_Water_Conservation_Scenario","Partial"
"273","Chub","Adult","Velocity","critical","slice1","J05-010","Low","J05-010_slice1","201105_Aliso_Recalibration_Update","High"
"274","Chub","Adult","Velocity","critical","slice1","J05-010","Low","J05-010_slice1","201111_Aliso_Water_Conservation_Scenario","High"
"275","Chub","Adult","Velocity","critical","slice1","J05-010","Medium","J05-010_slice1","201105_Aliso_Recalibration_Update","High"
"276","Chub","Adult","Velocity","critical","slice1","J05-010","Medium","J05-010_slice1","201111_Aliso_Water_Conservation_Scenario","High"
"277","Chub","Adult","Velocity","critical","slice1","J07-010","High","J07-010_slice1","201105_Aliso_Recalibration_Update","Low"
"278","Chub","Adult","Velocity","critical","slice1","J07-010","High","J07-010_slice1","201111_Aliso_Water_Conservation_Scenario","Low"
"279","Chub","Adult","Velocity","critical","slice1","J07-010","Low","J07-010_slice1","201105_Aliso_Recalibration_Update","High"
"280","Chub","Adult","Velocity","critical","slice1","J07-010","Low","J07-010_slice1","201111_Aliso_Water_Conservation_Scenario","High"
"281","Chub","Adult","Velocity","critical","slice1","J07-010","Medium","J07-010_slice1","201105_Aliso_Recalibration_Update","High"
"282","Chub","Adult","Velocity","critical","slice1","J07-010","Medium","J07-010_slice1","201111_Aliso_Water_Conservation_Scenario","High"
"283","Chub","Adult","Velocity","critical","slice1","L02-020","High","L02-020_slice1","210422_San_Juan_Existing_Conditions","High"
"284","Chub","Adult","Velocity","critical","slice1","L02-020","High","L02-020_slice1","210422_San_Juan_Water_Conservation","Partial"
"285","Chub","Adult","Velocity","critical","slice1","L02-020","Low","L02-020_slice1","210422_San_Juan_Existing_Conditions","High"
"286","Chub","Adult","Velocity","critical","slice1","L02-020","Low","L02-020_slice1","210422_San_Juan_Water_Conservation","High"
"287","Chub","Adult","Velocity","critical","slice1","L02-020","Medium","L02-020_slice1","210422_San_Juan_Existing_Conditions","High"
"288","Chub","Adult","Velocity","critical","slice1","L02-020","Medium","L02-020_slice1","210422_San_Juan_Water_Conservation","High"
"289","Chub","Adult","Velocity","critical","slice1","L03-011","High","L03-011_slice1","210422_San_Juan_Existing_Conditions","Low"
"290","Chub","Adult","Velocity","critical","slice1","L03-011","High","L03-011_slice1","210422_San_Juan_Water_Conservation","Low"
"291","Chub","Adult","Velocity","critical","slice1","L03-011","Low","L03-011_slice1","210422_San_Juan_Existing_Conditions","High"
"292","Chub","Adult","Velocity","critical","slice1","L03-011","Low","L03-011_slice1","210422_San_Juan_Water_Conservation","High"
"293","Chub","Adult","Velocity","critical","slice1","L03-011","Medium","L03-011_slice1","210422_San_Juan_Existing_Conditions","High"
"294","Chub","Adult","Velocity","critical","slice1","L03-011","Medium","L03-011_slice1","210422_San_Juan_Water_Conservation","Partial"
"295","Chub","Adult","Velocity","critical","slice2","I01-012","High","I01-012_slice2","201118_Oso,_Small_Creeks_Existing_Conditions","Partial"
"296","Chub","Adult","Velocity","critical","slice2","I01-012","High","I01-012_slice2","201119_Oso,_Small_Creeks_Water_Conservation_Scenario","Partial"
"297","Chub","Adult","Velocity","critical","slice2","I01-012","Low","I01-012_slice2","201118_Oso,_Small_Creeks_Existing_Conditions","High"
"298","Chub","Adult","Velocity","critical","slice2","I01-012","Low","I01-012_slice2","201119_Oso,_Small_Creeks_Water_Conservation_Scenario","High"
"299","Chub","Adult","Velocity","critical","slice2","I01-012","Medium","I01-012_slice2","201118_Oso,_Small_Creeks_Existing_Conditions","High"
"300","Chub","Adult","Velocity","critical","slice2","I01-012","Medium","I01-012_slice2","201119_Oso,_Small_Creeks_Water_Conservation_Scenario","High"
"301","Chub","Adult","Velocity","critical","slice2","I01-020","High","I01-020_slice2","201118_Oso,_Small_Creeks_Existing_Conditions","Low"
"302","Chub","Adult","Velocity","critical","slice2","I01-020","High","I01-020_slice2","201119_Oso,_Small_Creeks_Water_Conservation_Scenario","Low"
"303","Chub","Adult","Velocity","critical","slice2","I01-020","Low","I01-020_slice2","201118_Oso,_Small_Creeks_Existing_Conditions","High"
"304","Chub","Adult","Velocity","critical","slice2","I01-020","Low","I01-020_slice2","201119_Oso,_Small_Creeks_Water_Conservation_Scenario","High"
"305","Chub","Adult","Velocity","critical","slice2","I01-020","Medium","I01-020_slice2","201118_Oso,_Small_Creeks_Existing_Conditions","High"
"306","Chub","Adult","Velocity","critical","slice2","I01-020","Medium","I01-020_slice2","201119_Oso,_Small_Creeks_Water_Conservation_Scenario","High"
"307","Chub","Adult","Velocity","critical","slice2","J01-010","High","J01-010_slice2","201105_Aliso_Recalibration_Update","Low"
"308","Chub","Adult","Velocity","critical","slice2","J01-010","High","J01-010_slice2","201111_Aliso_Water_Conservation_Scenario","Low"
"309","Chub","Adult","Velocity","critical","slice2","J01-010","Low","J01-010_slice2","201105_Aliso_Recalibration_Update","High"
"310","Chub","Adult","Velocity","critical","slice2","J01-010","Low","J01-010_slice2","201111_Aliso_Water_Conservation_Scenario","High"
"311","Chub","Adult","Velocity","critical","slice2","J01-010","Medium","J01-010_slice2","201105_Aliso_Recalibration_Update","Low"
"312","Chub","Adult","Velocity","critical","slice2","J01-010","Medium","J01-010_slice2","201111_Aliso_Water_Conservation_Scenario","Low"
"313","Chub","Adult","Velocity","critical","slice2","J01-031","High","J01-031_slice2","201105_Aliso_Recalibration_Update","Low"
"314","Chub","Adult","Velocity","critical","slice2","J01-031","High","J01-031_slice2","201111_Aliso_Water_Conservation_Scenario","Low"
"315","Chub","Adult","Velocity","critical","slice2","J01-031","Low","J01-031_slice2","201105_Aliso_Recalibration_Update","High"
"316","Chub","Adult","Velocity","critical","slice2","J01-031","Low","J01-031_slice2","201111_Aliso_Water_Conservation_Scenario","High"
"317","Chub","Adult","Velocity","critical","slice2","J01-031","Medium","J01-031_slice2","201105_Aliso_Recalibration_Update","Partial"
"318","Chub","Adult","Velocity","critical","slice2","J01-031","Medium","J01-031_slice2","201111_Aliso_Water_Conservation_Scenario","Partial"
"319","Chub","Adult","Velocity","critical","slice2","J01-041","High","J01-041_slice2","201105_Aliso_Recalibration_Update","High"
"320","Chub","Adult","Velocity","critical","slice2","J01-041","High","J01-041_slice2","201111_Aliso_Water_Conservation_Scenario","Partial"
"321","Chub","Adult","Velocity","critical","slice2","J01-041","Low","J01-041_slice2","201105_Aliso_Recalibration_Update","High"
"322","Chub","Adult","Velocity","critical","slice2","J01-041","Low","J01-041_slice2","201111_Aliso_Water_Conservation_Scenario","High"
"323","Chub","Adult","Velocity","critical","slice2","J01-041","Medium","J01-041_slice2","201105_Aliso_Recalibration_Update","High"
"324","Chub","Adult","Velocity","critical","slice2","J01-041","Medium","J01-041_slice2","201111_Aliso_Water_Conservation_Scenario","High"
"325","Chub","Adult","Velocity","critical","slice2","J01-060","High","J01-060_slice2","201105_Aliso_Recalibration_Update","High"
"326","Chub","Adult","Velocity","critical","slice2","J01-060","High","J01-060_slice2","201111_Aliso_Water_Conservation_Scenario","High"
"327","Chub","Adult","Velocity","critical","slice2","J01-060","Low","J01-060_slice2","201105_Aliso_Recalibration_Update","High"
"328","Chub","Adult","Velocity","critical","slice2","J01-060","Low","J01-060_slice2","201111_Aliso_Water_Conservation_Scenario","High"
"329","Chub","Adult","Velocity","critical","slice2","J01-060","Medium","J01-060_slice2","201105_Aliso_Recalibration_Update","High"
"330","Chub","Adult","Velocity","critical","slice2","J01-060","Medium","J01-060_slice2","201111_Aliso_Water_Conservation_Scenario","High"
"331","Chub","Adult","Velocity","critical","slice2","J01-061","High","J01-061_slice2","201105_Aliso_Recalibration_Update","Low"
"332","Chub","Adult","Velocity","critical","slice2","J01-061","High","J01-061_slice2","201111_Aliso_Water_Conservation_Scenario","Low"
"333","Chub","Adult","Velocity","critical","slice2","J01-061","Low","J01-061_slice2","201105_Aliso_Recalibration_Update","High"
"334","Chub","Adult","Velocity","critical","slice2","J01-061","Low","J01-061_slice2","201111_Aliso_Water_Conservation_Scenario","High"
"335","Chub","Adult","Velocity","critical","slice2","J01-061","Medium","J01-061_slice2","201105_Aliso_Recalibration_Update","Low"
"336","Chub","Adult","Velocity","critical","slice2","J01-061","Medium","J01-061_slice2","201111_Aliso_Water_Conservation_Scenario","Low"
"337","Chub","Adult","Velocity","critical","slice2","J01-090","High","J01-090_slice2","201105_Aliso_Recalibration_Update","Low"
"338","Chub","Adult","Velocity","critical","slice2","J01-090","High","J01-090_slice2","201111_Aliso_Water_Conservation_Scenario","Low"
"339","Chub","Adult","Velocity","critical","slice2","J01-090","Low","J01-090_slice2","201105_Aliso_Recalibration_Update","Partial"
"340","Chub","Adult","Velocity","critical","slice2","J01-090","Low","J01-090_slice2","201111_Aliso_Water_Conservation_Scenario","Low"
"341","Chub","Adult","Velocity","critical","slice2","J01-090","Medium","J01-090_slice2","201105_Aliso_Recalibration_Update","Partial"
"342","Chub","Adult","Velocity","critical","slice2","J01-090","Medium","J01-090_slice2","201111_Aliso_Water_Conservation_Scenario","Low"
"343","Chub","Adult","Velocity","critical","slice2","J01-091","High","J01-091_slice2","201105_Aliso_Recalibration_Update","Low"
"344","Chub","Adult","Velocity","critical","slice2","J01-091","High","J01-091_slice2","201111_Aliso_Water_Conservation_Scenario","High"
"345","Chub","Adult","Velocity","critical","slice2","J01-091","Low","J01-091_slice2","201105_Aliso_Recalibration_Update","Partial"
"346","Chub","Adult","Velocity","critical","slice2","J01-091","Low","J01-091_slice2","201111_Aliso_Water_Conservation_Scenario","High"
"347","Chub","Adult","Velocity","critical","slice2","J01-091","Medium","J01-091_slice2","201105_Aliso_Recalibration_Update","Partial"
"348","Chub","Adult","Velocity","critical","slice2","J01-091","Medium","J01-091_slice2","201111_Aliso_Water_Conservation_Scenario","High"
"349","Chub","Adult","Velocity","critical","slice2","J01-100","High","J01-100_slice2","201105_Aliso_Recalibration_Update","High"
"350","Chub","Adult","Velocity","critical","slice2","J01-100","High","J01-100_slice2","201111_Aliso_Water_Conservation_Scenario","High"
"351","Chub","Adult","Velocity","critical","slice2","J01-100","Low","J01-100_slice2","201105_Aliso_Recalibration_Update","High"
"352","Chub","Adult","Velocity","critical","slice2","J01-100","Low","J01-100_slice2","201111_Aliso_Water_Conservation_Scenario","High"
"353","Chub","Adult","Velocity","critical","slice2","J01-100","Medium","J01-100_slice2","201105_Aliso_Recalibration_Update","High"
"354","Chub","Adult","Velocity","critical","slice2","J01-100","Medium","J01-100_slice2","201111_Aliso_Water_Conservation_Scenario","High"
"355","Chub","Adult","Velocity","critical","slice2","J03-010","High","J03-010_slice2","201105_Aliso_Recalibration_Update","Partial"
"356","Chub","Adult","Velocity","critical","slice2","J03-010","High","J03-010_slice2","201111_Aliso_Water_Conservation_Scenario","High"
"357","Chub","Adult","Velocity","critical","slice2","J03-010","Low","J03-010_slice2","201105_Aliso_Recalibration_Update","High"
"358","Chub","Adult","Velocity","critical","slice2","J03-010","Low","J03-010_slice2","201111_Aliso_Water_Conservation_Scenario","High"
"359","Chub","Adult","Velocity","critical","slice2","J03-010","Medium","J03-010_slice2","201105_Aliso_Recalibration_Update","High"
"360","Chub","Adult","Velocity","critical","slice2","J03-010","Medium","J03-010_slice2","201111_Aliso_Water_Conservation_Scenario","High"
"361","Chub","Adult","Velocity","critical","slice2","K01-011","High","K01-011_slice2","201118_Oso,_Small_Creeks_Existing_Conditions","Low"
"362","Chub","Adult","Velocity","critical","slice2","K01-011","High","K01-011_slice2","201119_Oso,_Small_Creeks_Water_Conservation_Scenario","Low"
"363","Chub","Adult","Velocity","critical","slice2","K01-011","Low","K01-011_slice2","201118_Oso,_Small_Creeks_Existing_Conditions","Low"
"364","Chub","Adult","Velocity","critical","slice2","K01-011","Low","K01-011_slice2","201119_Oso,_Small_Creeks_Water_Conservation_Scenario","Low"
"365","Chub","Adult","Velocity","critical","slice2","K01-011","Medium","K01-011_slice2","201118_Oso,_Small_Creeks_Existing_Conditions","Low"
"366","Chub","Adult","Velocity","critical","slice2","K01-011","Medium","K01-011_slice2","201119_Oso,_Small_Creeks_Water_Conservation_Scenario","Low"
"367","Chub","Adult","Velocity","critical","slice2","K01-020","High","K01-020_slice2","201118_Oso,_Small_Creeks_Existing_Conditions","Low"
"368","Chub","Adult","Velocity","critical","slice2","K01-020","High","K01-020_slice2","201119_Oso,_Small_Creeks_Water_Conservation_Scenario","Low"
"369","Chub","Adult","Velocity","critical","slice2","K01-020","Low","K01-020_slice2","201118_Oso,_Small_Creeks_Existing_Conditions","High"
"370","Chub","Adult","Velocity","critical","slice2","K01-020","Low","K01-020_slice2","201119_Oso,_Small_Creeks_Water_Conservation_Scenario","High"
"371","Chub","Adult","Velocity","critical","slice2","K01-020","Medium","K01-020_slice2","201118_Oso,_Small_Creeks_Existing_Conditions","Low"
"372","Chub","Adult","Velocity","critical","slice2","K01-020","Medium","K01-020_slice2","201119_Oso,_Small_Creeks_Water_Conservation_Scenario","Low"
"373","Chub","Adult","Velocity","critical","slice2","K01-030","High","K01-030_slice2","201118_Oso,_Small_Creeks_Existing_Conditions","Low"
"374","Chub","Adult","Velocity","critical","slice2","K01-030","High","K01-030_slice2","201119_Oso,_Small_Creeks_Water_Conservation_Scenario","Low"
"375","Chub","Adult","Velocity","critical","slice2","K01-030","Low","K01-030_slice2","201118_Oso,_Small_Creeks_Existing_Conditions","High"
"376","Chub","Adult","Velocity","critical","slice2","K01-030","Low","K01-030_slice2","201119_Oso,_Small_Creeks_Water_Conservation_Scenario","High"
"377","Chub","Adult","Velocity","critical","slice2","K01-030","Medium","K01-030_slice2","201118_Oso,_Small_Creeks_Existing_Conditions","High"
"378","Chub","Adult","Velocity","critical","slice2","K01-030","Medium","K01-030_slice2","201119_Oso,_Small_Creeks_Water_Conservation_Scenario","High"
"379","Chub","Adult","Velocity","critical","slice2","L02-010","High","L02-010_slice2","210422_San_Juan_Existing_Conditions","Partial"
"380","Chub","Adult","Velocity","critical","slice2","L02-010","High","L02-010_slice2","210422_San_Juan_Water_Conservation","Partial"
"381","Chub","Adult","Velocity","critical","slice2","L02-010","Low","L02-010_slice2","210422_San_Juan_Existing_Conditions","Partial"
"382","Chub","Adult","Velocity","critical","slice2","L02-010","Low","L02-010_slice2","210422_San_Juan_Water_Conservation","Partial"
"383","Chub","Adult","Velocity","critical","slice2","L02-010","Medium","L02-010_slice2","210422_San_Juan_Existing_Conditions","Partial"
"384","Chub","Adult","Velocity","critical","slice2","L02-010","Medium","L02-010_slice2","210422_San_Juan_Water_Conservation","Partial"
"385","Chub","Adult","Velocity","critical","slice2","L02-022","High","L02-022_slice2","210422_San_Juan_Existing_Conditions","Low"
"386","Chub","Adult","Velocity","critical","slice2","L02-022","High","L02-022_slice2","210422_San_Juan_Water_Conservation","Low"
"387","Chub","Adult","Velocity","critical","slice2","L02-022","Low","L02-022_slice2","210422_San_Juan_Existing_Conditions","High"
"388","Chub","Adult","Velocity","critical","slice2","L02-022","Low","L02-022_slice2","210422_San_Juan_Water_Conservation","High"
"389","Chub","Adult","Velocity","critical","slice2","L02-022","Medium","L02-022_slice2","210422_San_Juan_Existing_Conditions","Low"
"390","Chub","Adult","Velocity","critical","slice2","L02-022","Medium","L02-022_slice2","210422_San_Juan_Water_Conservation","Low"
"391","Chub","Adult","Velocity","critical","slice2","L02-030","High","L02-030_slice2","210422_San_Juan_Existing_Conditions","High"
"392","Chub","Adult","Velocity","critical","slice2","L02-030","High","L02-030_slice2","210422_San_Juan_Water_Conservation","High"
"393","Chub","Adult","Velocity","critical","slice2","L02-030","Low","L02-030_slice2","210422_San_Juan_Existing_Conditions","High"
"394","Chub","Adult","Velocity","critical","slice2","L02-030","Low","L02-030_slice2","210422_San_Juan_Water_Conservation","High"
"395","Chub","Adult","Velocity","critical","slice2","L02-030","Medium","L02-030_slice2","210422_San_Juan_Existing_Conditions","High"
"396","Chub","Adult","Velocity","critical","slice2","L02-030","Medium","L02-030_slice2","210422_San_Juan_Water_Conservation","High"
"397","Chub","Adult","Velocity","critical","slice2","L02-041","High","L02-041_slice2","210422_San_Juan_Existing_Conditions","High"
"398","Chub","Adult","Velocity","critical","slice2","L02-041","High","L02-041_slice2","210422_San_Juan_Water_Conservation","High"
"399","Chub","Adult","Velocity","critical","slice2","L02-041","Low","L02-041_slice2","210422_San_Juan_Existing_Conditions","High"
"400","Chub","Adult","Velocity","critical","slice2","L02-041","Low","L02-041_slice2","210422_San_Juan_Water_Conservation","High"
"401","Chub","Adult","Velocity","critical","slice2","L02-041","Medium","L02-041_slice2","210422_San_Juan_Existing_Conditions","High"
"402","Chub","Adult","Velocity","critical","slice2","L02-041","Medium","L02-041_slice2","210422_San_Juan_Water_Conservation","High"
"403","Chub","Adult","Velocity","critical","slice2","L02-050","High","L02-050_slice2","210422_San_Juan_Existing_Conditions","Partial"
"404","Chub","Adult","Velocity","critical","slice2","L02-050","High","L02-050_slice2","210422_San_Juan_Water_Conservation","Low"
"405","Chub","Adult","Velocity","critical","slice2","L02-050","Low","L02-050_slice2","210422_San_Juan_Existing_Conditions","High"
"406","Chub","Adult","Velocity","critical","slice2","L02-050","Low","L02-050_slice2","210422_San_Juan_Water_Conservation","High"
"407","Chub","Adult","Velocity","critical","slice2","L02-050","Medium","L02-050_slice2","210422_San_Juan_Existing_Conditions","High"
"408","Chub","Adult","Velocity","critical","slice2","L02-050","Medium","L02-050_slice2","210422_San_Juan_Water_Conservation","High"
"409","Chub","Adult","Velocity","critical","slice2","L02-051","High","L02-051_slice2","210422_San_Juan_Existing_Conditions","High"
"410","Chub","Adult","Velocity","critical","slice2","L02-051","High","L02-051_slice2","210422_San_Juan_Water_Conservation","Partial"
"411","Chub","Adult","Velocity","critical","slice2","L02-051","Low","L02-051_slice2","210422_San_Juan_Existing_Conditions","High"
"412","Chub","Adult","Velocity","critical","slice2","L02-051","Low","L02-051_slice2","210422_San_Juan_Water_Conservation","High"
"413","Chub","Adult","Velocity","critical","slice2","L02-051","Medium","L02-051_slice2","210422_San_Juan_Existing_Conditions","High"
"414","Chub","Adult","Velocity","critical","slice2","L02-051","Medium","L02-051_slice2","210422_San_Juan_Water_Conservation","High"
"415","Chub","Adult","Velocity","critical","slice2","L03-010","High","L03-010_slice2","210422_San_Juan_Existing_Conditions","Low"
"416","Chub","Adult","Velocity","critical","slice2","L03-010","High","L03-010_slice2","210422_San_Juan_Water_Conservation","Low"
"417","Chub","Adult","Velocity","critical","slice2","L03-010","Low","L03-010_slice2","210422_San_Juan_Existing_Conditions","High"
"418","Chub","Adult","Velocity","critical","slice2","L03-010","Low","L03-010_slice2","210422_San_Juan_Water_Conservation","High"
"419","Chub","Adult","Velocity","critical","slice2","L03-010","Medium","L03-010_slice2","210422_San_Juan_Existing_Conditions","Low"
"420","Chub","Adult","Velocity","critical","slice2","L03-010","Medium","L03-010_slice2","210422_San_Juan_Water_Conservation","Low"
"421","Chub","Adult","Velocity","critical","slice2","L03-020","High","L03-020_slice2","210422_San_Juan_Existing_Conditions","High"
"422","Chub","Adult","Velocity","critical","slice2","L03-020","High","L03-020_slice2","210422_San_Juan_Water_Conservation","High"
"423","Chub","Adult","Velocity","critical","slice2","L03-020","Low","L03-020_slice2","210422_San_Juan_Existing_Conditions","High"
"424","Chub","Adult","Velocity","critical","slice2","L03-020","Low","L03-020_slice2","210422_San_Juan_Water_Conservation","High"
"425","Chub","Adult","Velocity","critical","slice2","L03-020","Medium","L03-020_slice2","210422_San_Juan_Existing_Conditions","High"
"426","Chub","Adult","Velocity","critical","slice2","L03-020","Medium","L03-020_slice2","210422_San_Juan_Water_Conservation","High"
"427","Chub","Adult","Velocity","critical","slice2","L04-010","High","L04-010_slice2","210422_San_Juan_Existing_Conditions","Low"
"428","Chub","Adult","Velocity","critical","slice2","L04-010","High","L04-010_slice2","210422_San_Juan_Water_Conservation","High"
"429","Chub","Adult","Velocity","critical","slice2","L04-010","Low","L04-010_slice2","210422_San_Juan_Existing_Conditions","High"
"430","Chub","Adult","Velocity","critical","slice2","L04-010","Low","L04-010_slice2","210422_San_Juan_Water_Conservation","High"
"431","Chub","Adult","Velocity","critical","slice2","L04-010","Medium","L04-010_slice2","210422_San_Juan_Existing_Conditions","Low"
"432","Chub","Adult","Velocity","critical","slice2","L04-010","Medium","L04-010_slice2","210422_San_Juan_Water_Conservation","Low"
"433","Chub","Adult","Velocity","critical","slice2","L05-010","High","L05-010_slice2","210422_San_Juan_Existing_Conditions","High"
"434","Chub","Adult","Velocity","critical","slice2","L05-010","High","L05-010_slice2","210422_San_Juan_Water_Conservation","High"
"435","Chub","Adult","Velocity","critical","slice2","L05-010","Low","L05-010_slice2","210422_San_Juan_Existing_Conditions","High"
"436","Chub","Adult","Velocity","critical","slice2","L05-010","Low","L05-010_slice2","210422_San_Juan_Water_Conservation","High"
"437","Chub","Adult","Velocity","critical","slice2","L05-010","Medium","L05-010_slice2","210422_San_Juan_Existing_Conditions","High"
"438","Chub","Adult","Velocity","critical","slice2","L05-010","Medium","L05-010_slice2","210422_San_Juan_Water_Conservation","High"
"439","Chub","Adult","Velocity","critical","slice2","M01-011","High","M01-011_slice2","201118_Oso,_Small_Creeks_Existing_Conditions","High"
"440","Chub","Adult","Velocity","critical","slice2","M01-011","High","M01-011_slice2","201119_Oso,_Small_Creeks_Water_Conservation_Scenario","High"
"441","Chub","Adult","Velocity","critical","slice2","M01-011","Low","M01-011_slice2","201118_Oso,_Small_Creeks_Existing_Conditions","High"
"442","Chub","Adult","Velocity","critical","slice2","M01-011","Low","M01-011_slice2","201119_Oso,_Small_Creeks_Water_Conservation_Scenario","High"
"443","Chub","Adult","Velocity","critical","slice2","M01-011","Medium","M01-011_slice2","201118_Oso,_Small_Creeks_Existing_Conditions","High"
"444","Chub","Adult","Velocity","critical","slice2","M01-011","Medium","M01-011_slice2","201119_Oso,_Small_Creeks_Water_Conservation_Scenario","High"
"445","Chub","Adult","Velocity","critical","slice2","M01-020","High","M01-020_slice2","201118_Oso,_Small_Creeks_Existing_Conditions","High"
"446","Chub","Adult","Velocity","critical","slice2","M01-020","High","M01-020_slice2","201119_Oso,_Small_Creeks_Water_Conservation_Scenario","High"
"447","Chub","Adult","Velocity","critical","slice2","M01-020","Low","M01-020_slice2","201118_Oso,_Small_Creeks_Existing_Conditions","High"
"448","Chub","Adult","Velocity","critical","slice2","M01-020","Low","M01-020_slice2","201119_Oso,_Small_Creeks_Water_Conservation_Scenario","High"
"449","Chub","Adult","Velocity","critical","slice2","M01-020","Medium","M01-020_slice2","201118_Oso,_Small_Creeks_Existing_Conditions","Low"
"450","Chub","Adult","Velocity","critical","slice2","M01-020","Medium","M01-020_slice2","201119_Oso,_Small_Creeks_Water_Conservation_Scenario","Low"
"451","Chub","Adult","Velocity","critical","slice2","M02-020","High","M02-020_slice2","201118_Oso,_Small_Creeks_Existing_Conditions","High"
"452","Chub","Adult","Velocity","critical","slice2","M02-020","High","M02-020_slice2","201119_Oso,_Small_Creeks_Water_Conservation_Scenario","High"
"453","Chub","Adult","Velocity","critical","slice2","M02-020","Low","M02-020_slice2","201118_Oso,_Small_Creeks_Existing_Conditions","High"
"454","Chub","Adult","Velocity","critical","slice2","M02-020","Low","M02-020_slice2","201119_Oso,_Small_Creeks_Water_Conservation_Scenario","High"
"455","Chub","Adult","Velocity","critical","slice2","M02-020","Medium","M02-020_slice2","201118_Oso,_Small_Creeks_Existing_Conditions","High"
"456","Chub","Adult","Velocity","critical","slice2","M02-020","Medium","M02-020_slice2","201119_Oso,_Small_Creeks_Water_Conservation_Scenario","High"
"457","Chub","Adult","Velocity","critical","slice3","J01-020","High","J01-020_slice3","201105_Aliso_Recalibration_Update","High"
"458","Chub","Adult","Velocity","critical","slice3","J01-020","High","J01-020_slice3","201111_Aliso_Water_Conservation_Scenario","High"
"459","Chub","Adult","Velocity","critical","slice3","J01-020","Low","J01-020_slice3","201105_Aliso_Recalibration_Update","High"
"460","Chub","Adult","Velocity","critical","slice3","J01-020","Low","J01-020_slice3","201111_Aliso_Water_Conservation_Scenario","High"
"461","Chub","Adult","Velocity","critical","slice3","J01-020","Medium","J01-020_slice3","201105_Aliso_Recalibration_Update","High"
"462","Chub","Adult","Velocity","critical","slice3","J01-020","Medium","J01-020_slice3","201111_Aliso_Water_Conservation_Scenario","High"
"463","Chub","Adult","Velocity","critical","slice3","J01-030","High","J01-030_slice3","201105_Aliso_Recalibration_Update","High"
"464","Chub","Adult","Velocity","critical","slice3","J01-030","High","J01-030_slice3","201111_Aliso_Water_Conservation_Scenario","High"
"465","Chub","Adult","Velocity","critical","slice3","J01-030","Low","J01-030_slice3","201105_Aliso_Recalibration_Update","Low"
"466","Chub","Adult","Velocity","critical","slice3","J01-030","Low","J01-030_slice3","201111_Aliso_Water_Conservation_Scenario","Low"
"467","Chub","Adult","Velocity","critical","slice3","J01-030","Medium","J01-030_slice3","201105_Aliso_Recalibration_Update","High"
"468","Chub","Adult","Velocity","critical","slice3","J01-030","Medium","J01-030_slice3","201111_Aliso_Water_Conservation_Scenario","High"
"469","Chub","Adult","Velocity","critical","slice3","J04-010","High","J04-010_slice3","201105_Aliso_Recalibration_Update","Low"
"470","Chub","Adult","Velocity","critical","slice3","J04-010","High","J04-010_slice3","201111_Aliso_Water_Conservation_Scenario","Low"
"471","Chub","Adult","Velocity","critical","slice3","J04-010","Low","J04-010_slice3","201105_Aliso_Recalibration_Update","High"
"472","Chub","Adult","Velocity","critical","slice3","J04-010","Low","J04-010_slice3","201111_Aliso_Water_Conservation_Scenario","High"
"473","Chub","Adult","Velocity","critical","slice3","J04-010","Medium","J04-010_slice3","201105_Aliso_Recalibration_Update","High"
"474","Chub","Adult","Velocity","critical","slice3","J04-010","Medium","J04-010_slice3","201111_Aliso_Water_Conservation_Scenario","High"
"475","Chub","Adult","Velocity","critical","slice3","K01-010","High","K01-010_slice3","201118_Oso,_Small_Creeks_Existing_Conditions","High"
"476","Chub","Adult","Velocity","critical","slice3","K01-010","High","K01-010_slice3","201119_Oso,_Small_Creeks_Water_Conservation_Scenario","High"
"477","Chub","Adult","Velocity","critical","slice3","K01-010","Low","K01-010_slice3","201118_Oso,_Small_Creeks_Existing_Conditions","High"
"478","Chub","Adult","Velocity","critical","slice3","K01-010","Low","K01-010_slice3","201119_Oso,_Small_Creeks_Water_Conservation_Scenario","High"
"479","Chub","Adult","Velocity","critical","slice3","K01-010","Medium","K01-010_slice3","201118_Oso,_Small_Creeks_Existing_Conditions","High"
"480","Chub","Adult","Velocity","critical","slice3","K01-010","Medium","K01-010_slice3","201119_Oso,_Small_Creeks_Water_Conservation_Scenario","High"
"481","Chub","Adult","Velocity","critical","slice3","L01-080","High","L01-080_slice3","210422_San_Juan_Existing_Conditions","High"
"482","Chub","Adult","Velocity","critical","slice3","L01-080","High","L01-080_slice3","210422_San_Juan_Water_Conservation","High"
"483","Chub","Adult","Velocity","critical","slice3","L01-080","Low","L01-080_slice3","210422_San_Juan_Existing_Conditions","High"
"484","Chub","Adult","Velocity","critical","slice3","L01-080","Low","L01-080_slice3","210422_San_Juan_Water_Conservation","High"
"485","Chub","Adult","Velocity","critical","slice3","L01-080","Medium","L01-080_slice3","210422_San_Juan_Existing_Conditions","High"
"486","Chub","Adult","Velocity","critical","slice3","L01-080","Medium","L01-080_slice3","210422_San_Juan_Water_Conservation","High"
"487","Chub","Adult","Velocity","critical","slice3","L01-100","High","L01-100_slice3","210422_San_Juan_Existing_Conditions","High"
"488","Chub","Adult","Velocity","critical","slice3","L01-100","High","L01-100_slice3","210422_San_Juan_Water_Conservation","Partial"
"489","Chub","Adult","Velocity","critical","slice3","L01-100","Low","L01-100_slice3","210422_San_Juan_Existing_Conditions","High"
"490","Chub","Adult","Velocity","critical","slice3","L01-100","Low","L01-100_slice3","210422_San_Juan_Water_Conservation","High"
"491","Chub","Adult","Velocity","critical","slice3","L01-100","Medium","L01-100_slice3","210422_San_Juan_Existing_Conditions","High"
"492","Chub","Adult","Velocity","critical","slice3","L01-100","Medium","L01-100_slice3","210422_San_Juan_Water_Conservation","High"
"493","Chub","Adult","Velocity","critical","slice3","L02-021","High","L02-021_slice3","210422_San_Juan_Existing_Conditions","High"
"494","Chub","Adult","Velocity","critical","slice3","L02-021","High","L02-021_slice3","210422_San_Juan_Water_Conservation","Partial"
"495","Chub","Adult","Velocity","critical","slice3","L02-021","Low","L02-021_slice3","210422_San_Juan_Existing_Conditions","High"
"496","Chub","Adult","Velocity","critical","slice3","L02-021","Low","L02-021_slice3","210422_San_Juan_Water_Conservation","High"
"497","Chub","Adult","Velocity","critical","slice3","L02-021","Medium","L02-021_slice3","210422_San_Juan_Existing_Conditions","High"
"498","Chub","Adult","Velocity","critical","slice3","L02-021","Medium","L02-021_slice3","210422_San_Juan_Water_Conservation","High"
"499","Chub","Adult","Velocity","critical","slice3","L03-030","High","L03-030_slice3","210422_San_Juan_Existing_Conditions","Low"
"500","Chub","Adult","Velocity","critical","slice3","L03-030","High","L03-030_slice3","210422_San_Juan_Water_Conservation","Low"
"501","Chub","Adult","Velocity","critical","slice3","L03-030","Low","L03-030_slice3","210422_San_Juan_Existing_Conditions","High"
"502","Chub","Adult","Velocity","critical","slice3","L03-030","Low","L03-030_slice3","210422_San_Juan_Water_Conservation","High"
"503","Chub","Adult","Velocity","critical","slice3","L03-030","Medium","L03-030_slice3","210422_San_Juan_Existing_Conditions","High"
"504","Chub","Adult","Velocity","critical","slice3","L03-030","Medium","L03-030_slice3","210422_San_Juan_Water_Conservation","High"
"505","Chub","Adult","Velocity","critical","slice3","L05-020","High","L05-020_slice3","210422_San_Juan_Existing_Conditions","High"
"506","Chub","Adult","Velocity","critical","slice3","L05-020","High","L05-020_slice3","210422_San_Juan_Water_Conservation","High"
"507","Chub","Adult","Velocity","critical","slice3","L05-020","Low","L05-020_slice3","210422_San_Juan_Existing_Conditions","High"
"508","Chub","Adult","Velocity","critical","slice3","L05-020","Low","L05-020_slice3","210422_San_Juan_Water_Conservation","High"
"509","Chub","Adult","Velocity","critical","slice3","L05-020","Medium","L05-020_slice3","210422_San_Juan_Existing_Conditions","High"
"510","Chub","Adult","Velocity","critical","slice3","L05-020","Medium","L05-020_slice3","210422_San_Juan_Water_Conservation","High"
"511","Chub","Adult","Velocity","critical","slice3","M02-011","High","M02-011_slice3","201118_Oso,_Small_Creeks_Existing_Conditions","Low"
"512","Chub","Adult","Velocity","critical","slice3","M02-011","High","M02-011_slice3","201119_Oso,_Small_Creeks_Water_Conservation_Scenario","Low"
"513","Chub","Adult","Velocity","critical","slice3","M02-011","Low","M02-011_slice3","201118_Oso,_Small_Creeks_Existing_Conditions","High"
"514","Chub","Adult","Velocity","critical","slice3","M02-011","Low","M02-011_slice3","201119_Oso,_Small_Creeks_Water_Conservation_Scenario","High"
"515","Chub","Adult","Velocity","critical","slice3","M02-011","Medium","M02-011_slice3","201118_Oso,_Small_Creeks_Existing_Conditions","High"
"516","Chub","Adult","Velocity","critical","slice3","M02-011","Medium","M02-011_slice3","201119_Oso,_Small_Creeks_Water_Conservation_Scenario","High"
"517","Chub","Adult","Velocity","critical","slice4","J01-040","High","J01-040_slice4","201105_Aliso_Recalibration_Update","Partial"
"518","Chub","Adult","Velocity","critical","slice4","J01-040","High","J01-040_slice4","201111_Aliso_Water_Conservation_Scenario","Low"
"519","Chub","Adult","Velocity","critical","slice4","J01-040","Low","J01-040_slice4","201105_Aliso_Recalibration_Update","High"
"520","Chub","Adult","Velocity","critical","slice4","J01-040","Low","J01-040_slice4","201111_Aliso_Water_Conservation_Scenario","High"
"521","Chub","Adult","Velocity","critical","slice4","J01-040","Medium","J01-040_slice4","201105_Aliso_Recalibration_Update","Low"
"522","Chub","Adult","Velocity","critical","slice4","J01-040","Medium","J01-040_slice4","201111_Aliso_Water_Conservation_Scenario","Low"
"523","Chub","Adult","Velocity","critical","slice4","L02-023","High","L02-023_slice4","210422_San_Juan_Existing_Conditions","High"
"524","Chub","Adult","Velocity","critical","slice4","L02-023","High","L02-023_slice4","210422_San_Juan_Water_Conservation","High"
"525","Chub","Adult","Velocity","critical","slice4","L02-023","Low","L02-023_slice4","210422_San_Juan_Existing_Conditions","High"
"526","Chub","Adult","Velocity","critical","slice4","L02-023","Low","L02-023_slice4","210422_San_Juan_Water_Conservation","High"
"527","Chub","Adult","Velocity","critical","slice4","L02-023","Medium","L02-023_slice4","210422_San_Juan_Existing_Conditions","High"
"528","Chub","Adult","Velocity","critical","slice4","L02-023","Medium","L02-023_slice4","210422_San_Juan_Water_Conservation","High"
"529","Chub","Adult","Velocity","critical","slice4","L02-031","High","L02-031_slice4","210422_San_Juan_Existing_Conditions","High"
"530","Chub","Adult","Velocity","critical","slice4","L02-031","High","L02-031_slice4","210422_San_Juan_Water_Conservation","High"
"531","Chub","Adult","Velocity","critical","slice4","L02-031","Low","L02-031_slice4","210422_San_Juan_Existing_Conditions","Low"
"532","Chub","Adult","Velocity","critical","slice4","L02-031","Low","L02-031_slice4","210422_San_Juan_Water_Conservation","Low"
"533","Chub","Adult","Velocity","critical","slice4","L02-031","Medium","L02-031_slice4","210422_San_Juan_Existing_Conditions","Low"
"534","Chub","Adult","Velocity","critical","slice4","L02-031","Medium","L02-031_slice4","210422_San_Juan_Water_Conservation","Low"
"535","Chub","Adult","Velocity","critical","slice4","L02-040","High","L02-040_slice4","210422_San_Juan_Existing_Conditions","High"
"536","Chub","Adult","Velocity","critical","slice4","L02-040","High","L02-040_slice4","210422_San_Juan_Water_Conservation","High"
"537","Chub","Adult","Velocity","critical","slice4","L02-040","Low","L02-040_slice4","210422_San_Juan_Existing_Conditions","Low"
"538","Chub","Adult","Velocity","critical","slice4","L02-040","Low","L02-040_slice4","210422_San_Juan_Water_Conservation","Low"
"539","Chub","Adult","Velocity","critical","slice4","L02-040","Medium","L02-040_slice4","210422_San_Juan_Existing_Conditions","High"
"540","Chub","Adult","Velocity","critical","slice4","L02-040","Medium","L02-040_slice4","210422_San_Juan_Water_Conservation","High"
