"","ProbabilityThreshold","Species","Life_Stage","Hydraulic","Node","Scenario","Position","QTarget","HTarget","Calculation","code","LimitBound","Flag"
"1","Med","Chub","Adult","Depth","I01-020","201118_Oso,_Small_Creeks_Existing_Conditions","slice2",NA,NA,"Q < 0","I01-020_slice2","Upper","No Limit"
"2","High","Chub","Adult","Depth","I01-020","201118_Oso,_Small_Creeks_Existing_Conditions","slice2",NA,NA,"Q < 0","I01-020_slice2","Upper","No Limit"
"3","High","Chub","Adult","Depth","K01-011","201118_Oso,_Small_Creeks_Existing_Conditions","slice2",NA,NA,"Q < 0","K01-011_slice2","Upper","No Limit"
"4","High","Chub","Adult","Depth","L01-100","210422_San_Juan_Existing_Conditions","slice3",NA,NA,"Q < 0","L01-100_slice3","Upper","No Limit"
"5","High","Chub","Adult","Depth","L02-010","210422_San_Juan_Existing_Conditions","slice2",NA,NA,"Q < 0","L02-010_slice2","Upper","No Limit"
"6","Low","Chub","Adult","Depth","L03-030","210422_San_Juan_Existing_Conditions","slice3",NA,NA,"Q < 0","L03-030_slice3","Upper","No Limit"
"7","Med","Chub","Adult","Depth","L03-030","210422_San_Juan_Existing_Conditions","slice3",NA,NA,"Q < 0","L03-030_slice3","Upper","No Limit"
"8","High","Chub","Adult","Depth","L03-030","210422_San_Juan_Existing_Conditions","slice3",NA,NA,"Q < 0","L03-030_slice3","Upper","No Limit"
"9","Med","Chub","Adult","Depth","M01-020","201118_Oso,_Small_Creeks_Existing_Conditions","slice2",NA,NA,"Q < 0","M01-020_slice2","Upper","No Limit"
"10","High","Chub","Adult","Depth","M01-020","201118_Oso,_Small_Creeks_Existing_Conditions","slice2",NA,NA,"Q < 0","M01-020_slice2","Upper","No Limit"
"11","High","Chub","Adult","Depth","J01-091","201105_Aliso_Recalibration_Update","slice2",NA,NA,"Q < 0","J01-091_slice2","Upper","No Limit"
"12","Low","Chub","Adult","Velocity","K01-011","201118_Oso,_Small_Creeks_Existing_Conditions","slice2",0.16,1.02597128974191,"Q <= limit[1] & Q >= limit[2]","K01-011_slice2","Upper","N"
"13","Low","Chub","Adult","Velocity","K01-011","201118_Oso,_Small_Creeks_Existing_Conditions","slice2",0.34,1.02597128974191,"Q <= limit[1] & Q >= limit[2]","K01-011_slice2","Lower","N"
"14","Med","Chub","Adult","Velocity","K01-011","201118_Oso,_Small_Creeks_Existing_Conditions","slice2",0.11,0.872194443406783,"Q <= limit[1] & Q >= limit[2]","K01-011_slice2","Upper","N"
"15","Med","Chub","Adult","Velocity","K01-011","201118_Oso,_Small_Creeks_Existing_Conditions","slice2",0.26,0.872194443406783,"Q <= limit[1] & Q >= limit[2]","K01-011_slice2","Lower","N"
"16","High","Chub","Adult","Velocity","K01-011","201118_Oso,_Small_Creeks_Existing_Conditions","slice2",0.04,0.740116262788482,"Q <= limit[1] & Q >= limit[2]","K01-011_slice2","Upper","N"
"17","High","Chub","Adult","Velocity","K01-011","201118_Oso,_Small_Creeks_Existing_Conditions","slice2",0.08,0.740116262788482,"Q <= limit[1] & Q >= limit[2]","K01-011_slice2","Lower","N"
"18","Low","Chub","Adult","Velocity","L02-031","210422_San_Juan_Existing_Conditions","slice4",1.09,1.02597128940341,"Q <= limit[1] & Q >= limit[2]","L02-031_slice4","Upper","N"
"19","Low","Chub","Adult","Velocity","L02-031","210422_San_Juan_Existing_Conditions","slice4",4.09,1.02597128940341,"Q <= limit[1] & Q >= limit[2]","L02-031_slice4","Lower","N"
"20","Med","Chub","Adult","Velocity","L02-031","210422_San_Juan_Existing_Conditions","slice4",0.49,0.87219443342047,"Q <= limit[1] & Q >= limit[2]","L02-031_slice4","Upper","N"
"21","Med","Chub","Adult","Velocity","L02-031","210422_San_Juan_Existing_Conditions","slice4",1.71,0.87219443342047,"Q <= limit[1] & Q >= limit[2]","L02-031_slice4","Lower","N"
"22","Low","Chub","Adult","Velocity","L02-040","210422_San_Juan_Existing_Conditions","slice4",0.34,1.02746190135377,"Q <= limit[1] & Q >= limit[2]","L02-040_slice4","Upper","N"
"23","Low","Chub","Adult","Velocity","L02-040","210422_San_Juan_Existing_Conditions","slice4",0.42,1.02746190135377,"Q <= limit[1] & Q >= limit[2]","L02-040_slice4","Lower","N"
"24","Med","Chub","Adult","Velocity","L04-010","210422_San_Juan_Existing_Conditions","slice2",0.69,0.872194466338603,"Q <= limit[1] & Q >= limit[2]","L04-010_slice2","Upper","N"
"25","Med","Chub","Adult","Velocity","L04-010","210422_San_Juan_Existing_Conditions","slice2",0.86,0.872194466338603,"Q <= limit[1] & Q >= limit[2]","L04-010_slice2","Lower","N"
"26","Med","Chub","Adult","Velocity","M01-020","201118_Oso,_Small_Creeks_Existing_Conditions","slice2",0.19,0.872194433939893,"Q <= limit[1] & Q >= limit[2]","M01-020_slice2","Upper","N"
"27","Med","Chub","Adult","Velocity","M01-020","201118_Oso,_Small_Creeks_Existing_Conditions","slice2",0.24,0.872194433939893,"Q <= limit[1] & Q >= limit[2]","M01-020_slice2","Lower","N"
"28","Low","Chub","Adult","Velocity","J01-030","201105_Aliso_Recalibration_Update","slice3",0.13,1.02597129641805,"Q <= limit[1] & Q >= limit[2]","J01-030_slice3","Upper","N"
"29","Low","Chub","Adult","Velocity","J01-030","201105_Aliso_Recalibration_Update","slice3",0.19,1.02597129641805,"Q <= limit[1] & Q >= limit[2]","J01-030_slice3","Lower","N"
"30","Med","Chub","Adult","Velocity","J01-040","201105_Aliso_Recalibration_Update","slice4",4.62,0.872194435855747,"Q <= limit[1] & Q >= limit[2]","J01-040_slice4","Upper","N"
"31","Med","Chub","Adult","Velocity","J01-040","201105_Aliso_Recalibration_Update","slice4",5.11,0.872194435855747,"Q <= limit[1] & Q >= limit[2]","J01-040_slice4","Lower","N"
"32","Low","Chub","Adult","Depth","I01-012","201118_Oso,_Small_Creeks_Existing_Conditions","slice2",1.35,37.6583744744132,"Q >= limit","I01-012_slice2","Lower","N"
"33","Low","Chub","Adult","Depth","I01-012","201118_Oso,_Small_Creeks_Existing_Conditions","slice2",NA,NA,"Q >= limit","I01-012_slice2","Lower","N"
"34","Med","Chub","Adult","Depth","I01-012","201118_Oso,_Small_Creeks_Existing_Conditions","slice2",2.69,53.1892758143914,"Q >= limit","I01-012_slice2","Lower","N"
"35","Med","Chub","Adult","Depth","I01-012","201118_Oso,_Small_Creeks_Existing_Conditions","slice2",NA,NA,"Q >= limit","I01-012_slice2","Lower","N"
"36","High","Chub","Adult","Depth","I01-012","201118_Oso,_Small_Creeks_Existing_Conditions","slice2",4.52,68.7206253059133,"Q >= limit","I01-012_slice2","Lower","N"
"37","High","Chub","Adult","Depth","I01-012","201118_Oso,_Small_Creeks_Existing_Conditions","slice2",NA,NA,"Q >= limit","I01-012_slice2","Lower","N"
"38","Low","Chub","Adult","Depth","I01-020","201118_Oso,_Small_Creeks_Existing_Conditions","slice2",1.15,37.657887094661,"Q >= limit","I01-020_slice2","Lower","N"
"39","Low","Chub","Adult","Depth","I01-020","201118_Oso,_Small_Creeks_Existing_Conditions","slice2",NA,NA,"Q >= limit","I01-020_slice2","Lower","N"
"40","Low","Chub","Adult","Depth","K01-010","201118_Oso,_Small_Creeks_Existing_Conditions","slice3",1.75,37.6583796765939,"Q >= limit","K01-010_slice3","Lower","N"
"41","Low","Chub","Adult","Depth","K01-010","201118_Oso,_Small_Creeks_Existing_Conditions","slice3",NA,NA,"Q >= limit","K01-010_slice3","Lower","N"
"42","Med","Chub","Adult","Depth","K01-010","201118_Oso,_Small_Creeks_Existing_Conditions","slice3",4.17,53.1892758319177,"Q >= limit","K01-010_slice3","Lower","N"
"43","Med","Chub","Adult","Depth","K01-010","201118_Oso,_Small_Creeks_Existing_Conditions","slice3",NA,NA,"Q >= limit","K01-010_slice3","Lower","N"
"44","High","Chub","Adult","Depth","K01-010","201118_Oso,_Small_Creeks_Existing_Conditions","slice3",8.54,68.7201923317541,"Q >= limit","K01-010_slice3","Lower","N"
"45","High","Chub","Adult","Depth","K01-010","201118_Oso,_Small_Creeks_Existing_Conditions","slice3",NA,NA,"Q >= limit","K01-010_slice3","Lower","N"
"46","Low","Chub","Adult","Depth","K01-011","201118_Oso,_Small_Creeks_Existing_Conditions","slice2",1.04,37.6583805352394,"Q >= limit","K01-011_slice2","Lower","N"
"47","Low","Chub","Adult","Depth","K01-011","201118_Oso,_Small_Creeks_Existing_Conditions","slice2",NA,NA,"Q >= limit","K01-011_slice2","Lower","N"
"48","Med","Chub","Adult","Depth","K01-011","201118_Oso,_Small_Creeks_Existing_Conditions","slice2",3.17,53.1892758362254,"Q >= limit","K01-011_slice2","Lower","N"
"49","Med","Chub","Adult","Depth","K01-011","201118_Oso,_Small_Creeks_Existing_Conditions","slice2",NA,NA,"Q >= limit","K01-011_slice2","Lower","N"
"50","Low","Chub","Adult","Depth","K01-020","201118_Oso,_Small_Creeks_Existing_Conditions","slice2",1.9,37.6583286631917,"Q >= limit","K01-020_slice2","Lower","N"
"51","Low","Chub","Adult","Depth","K01-020","201118_Oso,_Small_Creeks_Existing_Conditions","slice2",NA,NA,"Q >= limit","K01-020_slice2","Lower","N"
"52","Med","Chub","Adult","Depth","K01-020","201118_Oso,_Small_Creeks_Existing_Conditions","slice2",3.86,53.1892756325784,"Q >= limit","K01-020_slice2","Lower","N"
"53","Med","Chub","Adult","Depth","K01-020","201118_Oso,_Small_Creeks_Existing_Conditions","slice2",NA,NA,"Q >= limit","K01-020_slice2","Lower","N"
"54","High","Chub","Adult","Depth","K01-020","201118_Oso,_Small_Creeks_Existing_Conditions","slice2",6.58,68.7205082737001,"Q >= limit","K01-020_slice2","Lower","N"
"55","High","Chub","Adult","Depth","K01-020","201118_Oso,_Small_Creeks_Existing_Conditions","slice2",NA,NA,"Q >= limit","K01-020_slice2","Lower","N"
"56","Low","Chub","Adult","Depth","K01-030","201118_Oso,_Small_Creeks_Existing_Conditions","slice2",2.17,37.6583820940008,"Q >= limit","K01-030_slice2","Lower","N"
"57","Low","Chub","Adult","Depth","K01-030","201118_Oso,_Small_Creeks_Existing_Conditions","slice2",NA,NA,"Q >= limit","K01-030_slice2","Lower","N"
"58","Med","Chub","Adult","Depth","K01-030","201118_Oso,_Small_Creeks_Existing_Conditions","slice2",4.65,53.1892758279566,"Q >= limit","K01-030_slice2","Lower","N"
"59","Med","Chub","Adult","Depth","K01-030","201118_Oso,_Small_Creeks_Existing_Conditions","slice2",NA,NA,"Q >= limit","K01-030_slice2","Lower","N"
"60","High","Chub","Adult","Depth","K01-030","201118_Oso,_Small_Creeks_Existing_Conditions","slice2",8.17,68.7261221709317,"Q >= limit","K01-030_slice2","Lower","N"
"61","High","Chub","Adult","Depth","K01-030","201118_Oso,_Small_Creeks_Existing_Conditions","slice2",NA,NA,"Q >= limit","K01-030_slice2","Lower","N"
"62","Low","Chub","Adult","Depth","L01-080","210422_San_Juan_Existing_Conditions","slice3",2.07,37.6583800739975,"Q >= limit","L01-080_slice3","Lower","N"
"63","Low","Chub","Adult","Depth","L01-080","210422_San_Juan_Existing_Conditions","slice3",NA,NA,"Q >= limit","L01-080_slice3","Lower","N"
"64","Med","Chub","Adult","Depth","L01-080","210422_San_Juan_Existing_Conditions","slice3",5.39,53.1892758526722,"Q >= limit","L01-080_slice3","Lower","N"
"65","Med","Chub","Adult","Depth","L01-080","210422_San_Juan_Existing_Conditions","slice3",NA,NA,"Q >= limit","L01-080_slice3","Lower","N"
"66","High","Chub","Adult","Depth","L01-080","210422_San_Juan_Existing_Conditions","slice3",10.29,68.7211526664245,"Q >= limit","L01-080_slice3","Lower","N"
"67","High","Chub","Adult","Depth","L01-080","210422_San_Juan_Existing_Conditions","slice3",NA,NA,"Q >= limit","L01-080_slice3","Lower","N"
"68","Low","Chub","Adult","Depth","L01-100","210422_San_Juan_Existing_Conditions","slice3",12.22,37.6583525612638,"Q >= limit","L01-100_slice3","Lower","N"
"69","Low","Chub","Adult","Depth","L01-100","210422_San_Juan_Existing_Conditions","slice3",NA,NA,"Q >= limit","L01-100_slice3","Lower","N"
"70","Med","Chub","Adult","Depth","L01-100","210422_San_Juan_Existing_Conditions","slice3",30.15,53.2270840518459,"Q >= limit","L01-100_slice3","Lower","N"
"71","Med","Chub","Adult","Depth","L01-100","210422_San_Juan_Existing_Conditions","slice3",NA,NA,"Q >= limit","L01-100_slice3","Lower","N"
"72","Low","Chub","Adult","Depth","L02-010","210422_San_Juan_Existing_Conditions","slice2",11.01,37.6583748336339,"Q >= limit","L02-010_slice2","Lower","N"
"73","Low","Chub","Adult","Depth","L02-010","210422_San_Juan_Existing_Conditions","slice2",NA,NA,"Q >= limit","L02-010_slice2","Lower","N"
"74","Med","Chub","Adult","Depth","L02-010","210422_San_Juan_Existing_Conditions","slice2",24.38,53.1892384455529,"Q >= limit","L02-010_slice2","Lower","N"
"75","Med","Chub","Adult","Depth","L02-010","210422_San_Juan_Existing_Conditions","slice2",NA,NA,"Q >= limit","L02-010_slice2","Lower","N"
"76","Low","Chub","Adult","Depth","L02-020","210422_San_Juan_Existing_Conditions","slice1",1.84,37.658382385741,"Q >= limit","L02-020_slice1","Lower","N"
"77","Low","Chub","Adult","Depth","L02-020","210422_San_Juan_Existing_Conditions","slice1",NA,NA,"Q >= limit","L02-020_slice1","Lower","N"
"78","Med","Chub","Adult","Depth","L02-020","210422_San_Juan_Existing_Conditions","slice1",4.11,53.1892758351137,"Q >= limit","L02-020_slice1","Lower","N"
"79","Med","Chub","Adult","Depth","L02-020","210422_San_Juan_Existing_Conditions","slice1",NA,NA,"Q >= limit","L02-020_slice1","Lower","N"
"80","High","Chub","Adult","Depth","L02-020","210422_San_Juan_Existing_Conditions","slice1",7.74,68.7201695428246,"Q >= limit","L02-020_slice1","Lower","N"
"81","High","Chub","Adult","Depth","L02-020","210422_San_Juan_Existing_Conditions","slice1",NA,NA,"Q >= limit","L02-020_slice1","Lower","N"
"82","Low","Chub","Adult","Depth","L02-021","210422_San_Juan_Existing_Conditions","slice3",1.29,37.6583821979694,"Q >= limit","L02-021_slice3","Lower","N"
"83","Low","Chub","Adult","Depth","L02-021","210422_San_Juan_Existing_Conditions","slice3",NA,NA,"Q >= limit","L02-021_slice3","Lower","N"
"84","Med","Chub","Adult","Depth","L02-021","210422_San_Juan_Existing_Conditions","slice3",2.65,53.1892758380425,"Q >= limit","L02-021_slice3","Lower","N"
"85","Med","Chub","Adult","Depth","L02-021","210422_San_Juan_Existing_Conditions","slice3",NA,NA,"Q >= limit","L02-021_slice3","Lower","N"
"86","High","Chub","Adult","Depth","L02-021","210422_San_Juan_Existing_Conditions","slice3",4.52,68.7201758567104,"Q >= limit","L02-021_slice3","Lower","N"
"87","High","Chub","Adult","Depth","L02-021","210422_San_Juan_Existing_Conditions","slice3",NA,NA,"Q >= limit","L02-021_slice3","Lower","N"
"88","Low","Chub","Adult","Depth","L02-022","210422_San_Juan_Existing_Conditions","slice2",15.78,37.658381531457,"Q >= limit","L02-022_slice2","Lower","N"
"89","Low","Chub","Adult","Depth","L02-022","210422_San_Juan_Existing_Conditions","slice2",NA,NA,"Q >= limit","L02-022_slice2","Lower","N"
"90","Med","Chub","Adult","Depth","L02-022","210422_San_Juan_Existing_Conditions","slice2",35.99,53.1892758319745,"Q >= limit","L02-022_slice2","Lower","N"
"91","Med","Chub","Adult","Depth","L02-022","210422_San_Juan_Existing_Conditions","slice2",NA,NA,"Q >= limit","L02-022_slice2","Lower","N"
"92","High","Chub","Adult","Depth","L02-022","210422_San_Juan_Existing_Conditions","slice2",68.36,68.722935826449,"Q >= limit","L02-022_slice2","Lower","N"
"93","High","Chub","Adult","Depth","L02-022","210422_San_Juan_Existing_Conditions","slice2",NA,NA,"Q >= limit","L02-022_slice2","Lower","N"
"94","Low","Chub","Adult","Depth","L02-023","210422_San_Juan_Existing_Conditions","slice4",2.38,37.6583820655415,"Q >= limit","L02-023_slice4","Lower","N"
"95","Low","Chub","Adult","Depth","L02-023","210422_San_Juan_Existing_Conditions","slice4",NA,NA,"Q >= limit","L02-023_slice4","Lower","N"
"96","Med","Chub","Adult","Depth","L02-023","210422_San_Juan_Existing_Conditions","slice4",4.86,53.1892758330683,"Q >= limit","L02-023_slice4","Lower","N"
"97","Med","Chub","Adult","Depth","L02-023","210422_San_Juan_Existing_Conditions","slice4",NA,NA,"Q >= limit","L02-023_slice4","Lower","N"
"98","High","Chub","Adult","Depth","L02-023","210422_San_Juan_Existing_Conditions","slice4",8.34,68.7201698503389,"Q >= limit","L02-023_slice4","Lower","N"
"99","High","Chub","Adult","Depth","L02-023","210422_San_Juan_Existing_Conditions","slice4",NA,NA,"Q >= limit","L02-023_slice4","Lower","N"
"100","Low","Chub","Adult","Depth","L02-030","210422_San_Juan_Existing_Conditions","slice2",4.35,37.6583821575258,"Q >= limit","L02-030_slice2","Lower","N"
"101","Low","Chub","Adult","Depth","L02-030","210422_San_Juan_Existing_Conditions","slice2",NA,NA,"Q >= limit","L02-030_slice2","Lower","N"
"102","Med","Chub","Adult","Depth","L02-030","210422_San_Juan_Existing_Conditions","slice2",10.86,53.1892758330325,"Q >= limit","L02-030_slice2","Lower","N"
"103","Med","Chub","Adult","Depth","L02-030","210422_San_Juan_Existing_Conditions","slice2",NA,NA,"Q >= limit","L02-030_slice2","Lower","N"
"104","High","Chub","Adult","Depth","L02-030","210422_San_Juan_Existing_Conditions","slice2",21.6,68.7202634445658,"Q >= limit","L02-030_slice2","Lower","N"
"105","High","Chub","Adult","Depth","L02-030","210422_San_Juan_Existing_Conditions","slice2",NA,NA,"Q >= limit","L02-030_slice2","Lower","N"
"106","Low","Chub","Adult","Depth","L02-031","210422_San_Juan_Existing_Conditions","slice4",2.6,37.6583822190361,"Q >= limit","L02-031_slice4","Lower","N"
"107","Low","Chub","Adult","Depth","L02-031","210422_San_Juan_Existing_Conditions","slice4",NA,NA,"Q >= limit","L02-031_slice4","Lower","N"
"108","Med","Chub","Adult","Depth","L02-031","210422_San_Juan_Existing_Conditions","slice4",6.72,53.1892758329938,"Q >= limit","L02-031_slice4","Lower","N"
"109","Med","Chub","Adult","Depth","L02-031","210422_San_Juan_Existing_Conditions","slice4",NA,NA,"Q >= limit","L02-031_slice4","Lower","N"
"110","High","Chub","Adult","Depth","L02-031","210422_San_Juan_Existing_Conditions","slice4",14.22,68.7202128455556,"Q >= limit","L02-031_slice4","Lower","N"
"111","High","Chub","Adult","Depth","L02-031","210422_San_Juan_Existing_Conditions","slice4",NA,NA,"Q >= limit","L02-031_slice4","Lower","N"
"112","Low","Chub","Adult","Depth","L02-040","210422_San_Juan_Existing_Conditions","slice4",2.94,37.6583810552841,"Q >= limit","L02-040_slice4","Lower","N"
"113","Low","Chub","Adult","Depth","L02-040","210422_San_Juan_Existing_Conditions","slice4",NA,NA,"Q >= limit","L02-040_slice4","Lower","N"
"114","Med","Chub","Adult","Depth","L02-040","210422_San_Juan_Existing_Conditions","slice4",8.28,53.1892758330691,"Q >= limit","L02-040_slice4","Lower","N"
"115","Med","Chub","Adult","Depth","L02-040","210422_San_Juan_Existing_Conditions","slice4",NA,NA,"Q >= limit","L02-040_slice4","Lower","N"
"116","High","Chub","Adult","Depth","L02-040","210422_San_Juan_Existing_Conditions","slice4",18.08,68.7202618294208,"Q >= limit","L02-040_slice4","Lower","N"
"117","High","Chub","Adult","Depth","L02-040","210422_San_Juan_Existing_Conditions","slice4",NA,NA,"Q >= limit","L02-040_slice4","Lower","N"
"118","Low","Chub","Adult","Depth","L02-041","210422_San_Juan_Existing_Conditions","slice2",1.37,37.6583792913845,"Q >= limit","L02-041_slice2","Lower","N"
"119","Low","Chub","Adult","Depth","L02-041","210422_San_Juan_Existing_Conditions","slice2",NA,NA,"Q >= limit","L02-041_slice2","Lower","N"
"120","Med","Chub","Adult","Depth","L02-041","210422_San_Juan_Existing_Conditions","slice2",4.12,53.1892758334904,"Q >= limit","L02-041_slice2","Lower","N"
"121","Med","Chub","Adult","Depth","L02-041","210422_San_Juan_Existing_Conditions","slice2",NA,NA,"Q >= limit","L02-041_slice2","Lower","N"
"122","High","Chub","Adult","Depth","L02-041","210422_San_Juan_Existing_Conditions","slice2",8.86,68.7209760284703,"Q >= limit","L02-041_slice2","Lower","N"
"123","High","Chub","Adult","Depth","L02-041","210422_San_Juan_Existing_Conditions","slice2",NA,NA,"Q >= limit","L02-041_slice2","Lower","N"
"124","Low","Chub","Adult","Depth","L02-050","210422_San_Juan_Existing_Conditions","slice2",2.4,37.6583785425462,"Q >= limit","L02-050_slice2","Lower","N"
"125","Low","Chub","Adult","Depth","L02-050","210422_San_Juan_Existing_Conditions","slice2",NA,NA,"Q >= limit","L02-050_slice2","Lower","N"
"126","Med","Chub","Adult","Depth","L02-050","210422_San_Juan_Existing_Conditions","slice2",4.73,53.1892758370275,"Q >= limit","L02-050_slice2","Lower","N"
"127","Med","Chub","Adult","Depth","L02-050","210422_San_Juan_Existing_Conditions","slice2",NA,NA,"Q >= limit","L02-050_slice2","Lower","N"
"128","High","Chub","Adult","Depth","L02-050","210422_San_Juan_Existing_Conditions","slice2",7.82,68.7202690821047,"Q >= limit","L02-050_slice2","Lower","N"
"129","High","Chub","Adult","Depth","L02-050","210422_San_Juan_Existing_Conditions","slice2",NA,NA,"Q >= limit","L02-050_slice2","Lower","N"
"130","Low","Chub","Adult","Depth","L02-051","210422_San_Juan_Existing_Conditions","slice2",2.18,37.6583818288039,"Q >= limit","L02-051_slice2","Lower","N"
"131","Low","Chub","Adult","Depth","L02-051","210422_San_Juan_Existing_Conditions","slice2",NA,NA,"Q >= limit","L02-051_slice2","Lower","N"
"132","Med","Chub","Adult","Depth","L02-051","210422_San_Juan_Existing_Conditions","slice2",4.45,53.1892758377973,"Q >= limit","L02-051_slice2","Lower","N"
"133","Med","Chub","Adult","Depth","L02-051","210422_San_Juan_Existing_Conditions","slice2",NA,NA,"Q >= limit","L02-051_slice2","Lower","N"
"134","High","Chub","Adult","Depth","L02-051","210422_San_Juan_Existing_Conditions","slice2",7.46,68.7201974488648,"Q >= limit","L02-051_slice2","Lower","N"
"135","High","Chub","Adult","Depth","L02-051","210422_San_Juan_Existing_Conditions","slice2",NA,NA,"Q >= limit","L02-051_slice2","Lower","N"
"136","Low","Chub","Adult","Depth","L03-010","210422_San_Juan_Existing_Conditions","slice2",2.49,37.6575110490118,"Q >= limit","L03-010_slice2","Lower","N"
"137","Low","Chub","Adult","Depth","L03-010","210422_San_Juan_Existing_Conditions","slice2",NA,NA,"Q >= limit","L03-010_slice2","Lower","N"
"138","Med","Chub","Adult","Depth","L03-010","210422_San_Juan_Existing_Conditions","slice2",6.11,53.1892661281308,"Q >= limit","L03-010_slice2","Lower","N"
"139","Med","Chub","Adult","Depth","L03-010","210422_San_Juan_Existing_Conditions","slice2",NA,NA,"Q >= limit","L03-010_slice2","Lower","N"
"140","High","Chub","Adult","Depth","L03-010","210422_San_Juan_Existing_Conditions","slice2",11.33,68.7321756074083,"Q >= limit","L03-010_slice2","Lower","N"
"141","High","Chub","Adult","Depth","L03-010","210422_San_Juan_Existing_Conditions","slice2",NA,NA,"Q >= limit","L03-010_slice2","Lower","N"
"142","Low","Chub","Adult","Depth","L03-011","210422_San_Juan_Existing_Conditions","slice1",0.48,37.6583822208871,"Q >= limit","L03-011_slice1","Lower","N"
"143","Low","Chub","Adult","Depth","L03-011","210422_San_Juan_Existing_Conditions","slice1",NA,NA,"Q >= limit","L03-011_slice1","Lower","N"
"144","Med","Chub","Adult","Depth","L03-011","210422_San_Juan_Existing_Conditions","slice1",1.03,53.1892758329971,"Q >= limit","L03-011_slice1","Lower","N"
"145","Med","Chub","Adult","Depth","L03-011","210422_San_Juan_Existing_Conditions","slice1",NA,NA,"Q >= limit","L03-011_slice1","Lower","N"
"146","High","Chub","Adult","Depth","L03-011","210422_San_Juan_Existing_Conditions","slice1",1.98,68.7201707600829,"Q >= limit","L03-011_slice1","Lower","N"
"147","High","Chub","Adult","Depth","L03-011","210422_San_Juan_Existing_Conditions","slice1",NA,NA,"Q >= limit","L03-011_slice1","Lower","N"
"148","Low","Chub","Adult","Depth","L03-020","210422_San_Juan_Existing_Conditions","slice2",2.64,37.6583815796609,"Q >= limit","L03-020_slice2","Lower","N"
"149","Low","Chub","Adult","Depth","L03-020","210422_San_Juan_Existing_Conditions","slice2",NA,NA,"Q >= limit","L03-020_slice2","Lower","N"
"150","Med","Chub","Adult","Depth","L03-020","210422_San_Juan_Existing_Conditions","slice2",6.15,53.1892758330429,"Q >= limit","L03-020_slice2","Lower","N"
"151","Med","Chub","Adult","Depth","L03-020","210422_San_Juan_Existing_Conditions","slice2",NA,NA,"Q >= limit","L03-020_slice2","Lower","N"
"152","High","Chub","Adult","Depth","L03-020","210422_San_Juan_Existing_Conditions","slice2",11.48,68.7201919160723,"Q >= limit","L03-020_slice2","Lower","N"
"153","High","Chub","Adult","Depth","L03-020","210422_San_Juan_Existing_Conditions","slice2",NA,NA,"Q >= limit","L03-020_slice2","Lower","N"
"154","Low","Chub","Adult","Depth","L04-010","210422_San_Juan_Existing_Conditions","slice2",0.9,37.6583810397916,"Q >= limit","L04-010_slice2","Lower","N"
"155","Low","Chub","Adult","Depth","L04-010","210422_San_Juan_Existing_Conditions","slice2",NA,NA,"Q >= limit","L04-010_slice2","Lower","N"
"156","Med","Chub","Adult","Depth","L04-010","210422_San_Juan_Existing_Conditions","slice2",2.13,53.1892758329816,"Q >= limit","L04-010_slice2","Lower","N"
"157","Med","Chub","Adult","Depth","L04-010","210422_San_Juan_Existing_Conditions","slice2",NA,NA,"Q >= limit","L04-010_slice2","Lower","N"
"158","High","Chub","Adult","Depth","L04-010","210422_San_Juan_Existing_Conditions","slice2",4.28,68.7201922976991,"Q >= limit","L04-010_slice2","Lower","N"
"159","High","Chub","Adult","Depth","L04-010","210422_San_Juan_Existing_Conditions","slice2",NA,NA,"Q >= limit","L04-010_slice2","Lower","N"
"160","Low","Chub","Adult","Depth","L05-010","210422_San_Juan_Existing_Conditions","slice2",0.85,37.658382270634,"Q >= limit","L05-010_slice2","Lower","N"
"161","Low","Chub","Adult","Depth","L05-010","210422_San_Juan_Existing_Conditions","slice2",NA,NA,"Q >= limit","L05-010_slice2","Lower","N"
"162","Med","Chub","Adult","Depth","L05-010","210422_San_Juan_Existing_Conditions","slice2",1.85,53.1892758330095,"Q >= limit","L05-010_slice2","Lower","N"
"163","Med","Chub","Adult","Depth","L05-010","210422_San_Juan_Existing_Conditions","slice2",NA,NA,"Q >= limit","L05-010_slice2","Lower","N"
"164","High","Chub","Adult","Depth","L05-010","210422_San_Juan_Existing_Conditions","slice2",3.31,68.7201716276921,"Q >= limit","L05-010_slice2","Lower","N"
"165","High","Chub","Adult","Depth","L05-010","210422_San_Juan_Existing_Conditions","slice2",NA,NA,"Q >= limit","L05-010_slice2","Lower","N"
"166","Low","Chub","Adult","Depth","L05-020","210422_San_Juan_Existing_Conditions","slice3",1.44,37.6583822253199,"Q >= limit","L05-020_slice3","Lower","N"
"167","Low","Chub","Adult","Depth","L05-020","210422_San_Juan_Existing_Conditions","slice3",NA,NA,"Q >= limit","L05-020_slice3","Lower","N"
"168","Med","Chub","Adult","Depth","L05-020","210422_San_Juan_Existing_Conditions","slice3",4.09,53.189275873714,"Q >= limit","L05-020_slice3","Lower","N"
"169","Med","Chub","Adult","Depth","L05-020","210422_San_Juan_Existing_Conditions","slice3",NA,NA,"Q >= limit","L05-020_slice3","Lower","N"
"170","High","Chub","Adult","Depth","L05-020","210422_San_Juan_Existing_Conditions","slice3",7.97,68.7212130123378,"Q >= limit","L05-020_slice3","Lower","N"
"171","High","Chub","Adult","Depth","L05-020","210422_San_Juan_Existing_Conditions","slice3",NA,NA,"Q >= limit","L05-020_slice3","Lower","N"
"172","Low","Chub","Adult","Depth","M01-011","201118_Oso,_Small_Creeks_Existing_Conditions","slice2",2.25,37.6583823170584,"Q >= limit","M01-011_slice2","Lower","N"
"173","Low","Chub","Adult","Depth","M01-011","201118_Oso,_Small_Creeks_Existing_Conditions","slice2",NA,NA,"Q >= limit","M01-011_slice2","Lower","N"
"174","Med","Chub","Adult","Depth","M01-011","201118_Oso,_Small_Creeks_Existing_Conditions","slice2",4.91,53.1892758329575,"Q >= limit","M01-011_slice2","Lower","N"
"175","Med","Chub","Adult","Depth","M01-011","201118_Oso,_Small_Creeks_Existing_Conditions","slice2",NA,NA,"Q >= limit","M01-011_slice2","Lower","N"
"176","High","Chub","Adult","Depth","M01-011","201118_Oso,_Small_Creeks_Existing_Conditions","slice2",8.63,68.7201718364592,"Q >= limit","M01-011_slice2","Lower","N"
"177","High","Chub","Adult","Depth","M01-011","201118_Oso,_Small_Creeks_Existing_Conditions","slice2",NA,NA,"Q >= limit","M01-011_slice2","Lower","N"
"178","Low","Chub","Adult","Depth","M01-020","201118_Oso,_Small_Creeks_Existing_Conditions","slice2",1.63,37.6583819589019,"Q >= limit","M01-020_slice2","Lower","N"
"179","Low","Chub","Adult","Depth","M01-020","201118_Oso,_Small_Creeks_Existing_Conditions","slice2",NA,NA,"Q >= limit","M01-020_slice2","Lower","N"
"180","Low","Chub","Adult","Depth","M02-011","201118_Oso,_Small_Creeks_Existing_Conditions","slice3",2.69,37.6583387043623,"Q >= limit","M02-011_slice3","Lower","N"
"181","Low","Chub","Adult","Depth","M02-011","201118_Oso,_Small_Creeks_Existing_Conditions","slice3",NA,NA,"Q >= limit","M02-011_slice3","Lower","N"
"182","Med","Chub","Adult","Depth","M02-011","201118_Oso,_Small_Creeks_Existing_Conditions","slice3",5.55,53.1892758261751,"Q >= limit","M02-011_slice3","Lower","N"
"183","Med","Chub","Adult","Depth","M02-011","201118_Oso,_Small_Creeks_Existing_Conditions","slice3",NA,NA,"Q >= limit","M02-011_slice3","Lower","N"
"184","High","Chub","Adult","Depth","M02-011","201118_Oso,_Small_Creeks_Existing_Conditions","slice3",9.59,68.7206208916795,"Q >= limit","M02-011_slice3","Lower","N"
"185","High","Chub","Adult","Depth","M02-011","201118_Oso,_Small_Creeks_Existing_Conditions","slice3",NA,NA,"Q >= limit","M02-011_slice3","Lower","N"
"186","Low","Chub","Adult","Depth","M02-020","201118_Oso,_Small_Creeks_Existing_Conditions","slice2",2.14,37.6583773871915,"Q >= limit","M02-020_slice2","Lower","N"
"187","Low","Chub","Adult","Depth","M02-020","201118_Oso,_Small_Creeks_Existing_Conditions","slice2",NA,NA,"Q >= limit","M02-020_slice2","Lower","N"
"188","Med","Chub","Adult","Depth","M02-020","201118_Oso,_Small_Creeks_Existing_Conditions","slice2",6,53.1892757757257,"Q >= limit","M02-020_slice2","Lower","N"
"189","Med","Chub","Adult","Depth","M02-020","201118_Oso,_Small_Creeks_Existing_Conditions","slice2",NA,NA,"Q >= limit","M02-020_slice2","Lower","N"
"190","High","Chub","Adult","Depth","M02-020","201118_Oso,_Small_Creeks_Existing_Conditions","slice2",13.26,68.720174134637,"Q >= limit","M02-020_slice2","Lower","N"
"191","High","Chub","Adult","Depth","M02-020","201118_Oso,_Small_Creeks_Existing_Conditions","slice2",NA,NA,"Q >= limit","M02-020_slice2","Lower","N"
"192","Low","Chub","Adult","Depth","J01-010","201105_Aliso_Recalibration_Update","slice2",4.5,37.6583808469684,"Q >= limit","J01-010_slice2","Lower","N"
"193","Low","Chub","Adult","Depth","J01-010","201105_Aliso_Recalibration_Update","slice2",NA,NA,"Q >= limit","J01-010_slice2","Lower","N"
"194","Med","Chub","Adult","Depth","J01-010","201105_Aliso_Recalibration_Update","slice2",9.71,53.1892758330079,"Q >= limit","J01-010_slice2","Lower","N"
"195","Med","Chub","Adult","Depth","J01-010","201105_Aliso_Recalibration_Update","slice2",NA,NA,"Q >= limit","J01-010_slice2","Lower","N"
"196","High","Chub","Adult","Depth","J01-010","201105_Aliso_Recalibration_Update","slice2",16.62,68.7201722730897,"Q >= limit","J01-010_slice2","Lower","N"
"197","High","Chub","Adult","Depth","J01-010","201105_Aliso_Recalibration_Update","slice2",NA,NA,"Q >= limit","J01-010_slice2","Lower","N"
"198","Low","Chub","Adult","Depth","J01-020","201105_Aliso_Recalibration_Update","slice3",1.37,37.6583823289641,"Q >= limit","J01-020_slice3","Lower","N"
"199","Low","Chub","Adult","Depth","J01-020","201105_Aliso_Recalibration_Update","slice3",NA,NA,"Q >= limit","J01-020_slice3","Lower","N"
"200","Med","Chub","Adult","Depth","J01-020","201105_Aliso_Recalibration_Update","slice3",3.42,53.1892758331836,"Q >= limit","J01-020_slice3","Lower","N"
"201","Med","Chub","Adult","Depth","J01-020","201105_Aliso_Recalibration_Update","slice3",NA,NA,"Q >= limit","J01-020_slice3","Lower","N"
"202","High","Chub","Adult","Depth","J01-020","201105_Aliso_Recalibration_Update","slice3",7.04,68.7201725161818,"Q >= limit","J01-020_slice3","Lower","N"
"203","High","Chub","Adult","Depth","J01-020","201105_Aliso_Recalibration_Update","slice3",NA,NA,"Q >= limit","J01-020_slice3","Lower","N"
"204","Low","Chub","Adult","Depth","J01-030","201105_Aliso_Recalibration_Update","slice3",2.59,37.6583268746491,"Q >= limit","J01-030_slice3","Lower","N"
"205","Low","Chub","Adult","Depth","J01-030","201105_Aliso_Recalibration_Update","slice3",NA,NA,"Q >= limit","J01-030_slice3","Lower","N"
"206","Med","Chub","Adult","Depth","J01-030","201105_Aliso_Recalibration_Update","slice3",5.72,53.1892754744388,"Q >= limit","J01-030_slice3","Lower","N"
"207","Med","Chub","Adult","Depth","J01-030","201105_Aliso_Recalibration_Update","slice3",NA,NA,"Q >= limit","J01-030_slice3","Lower","N"
"208","High","Chub","Adult","Depth","J01-030","201105_Aliso_Recalibration_Update","slice3",10,68.7228667567544,"Q >= limit","J01-030_slice3","Lower","N"
"209","High","Chub","Adult","Depth","J01-030","201105_Aliso_Recalibration_Update","slice3",NA,NA,"Q >= limit","J01-030_slice3","Lower","N"
"210","Low","Chub","Adult","Depth","J01-031","201105_Aliso_Recalibration_Update","slice2",2.03,37.6582897665177,"Q >= limit","J01-031_slice2","Lower","N"
"211","Low","Chub","Adult","Depth","J01-031","201105_Aliso_Recalibration_Update","slice2",NA,NA,"Q >= limit","J01-031_slice2","Lower","N"
"212","Med","Chub","Adult","Depth","J01-031","201105_Aliso_Recalibration_Update","slice2",4.72,53.1923247236664,"Q >= limit","J01-031_slice2","Lower","N"
"213","Med","Chub","Adult","Depth","J01-031","201105_Aliso_Recalibration_Update","slice2",NA,NA,"Q >= limit","J01-031_slice2","Lower","N"
"214","High","Chub","Adult","Depth","J01-031","201105_Aliso_Recalibration_Update","slice2",9.34,70.6737551167396,"Q >= limit","J01-031_slice2","Lower","N"
"215","High","Chub","Adult","Depth","J01-031","201105_Aliso_Recalibration_Update","slice2",NA,NA,"Q >= limit","J01-031_slice2","Lower","N"
"216","Low","Chub","Adult","Depth","J01-040","201105_Aliso_Recalibration_Update","slice4",1.32,37.6583823727618,"Q >= limit","J01-040_slice4","Lower","N"
"217","Low","Chub","Adult","Depth","J01-040","201105_Aliso_Recalibration_Update","slice4",NA,NA,"Q >= limit","J01-040_slice4","Lower","N"
"218","Med","Chub","Adult","Depth","J01-040","201105_Aliso_Recalibration_Update","slice4",2.9,53.1892758179659,"Q >= limit","J01-040_slice4","Lower","N"
"219","Med","Chub","Adult","Depth","J01-040","201105_Aliso_Recalibration_Update","slice4",NA,NA,"Q >= limit","J01-040_slice4","Lower","N"
"220","High","Chub","Adult","Depth","J01-040","201105_Aliso_Recalibration_Update","slice4",5.01,68.7202142538347,"Q >= limit","J01-040_slice4","Lower","N"
"221","High","Chub","Adult","Depth","J01-040","201105_Aliso_Recalibration_Update","slice4",NA,NA,"Q >= limit","J01-040_slice4","Lower","N"
"222","Low","Chub","Adult","Depth","J01-041","201105_Aliso_Recalibration_Update","slice2",2.42,37.6583821687001,"Q >= limit","J01-041_slice2","Lower","N"
"223","Low","Chub","Adult","Depth","J01-041","201105_Aliso_Recalibration_Update","slice2",NA,NA,"Q >= limit","J01-041_slice2","Lower","N"
"224","Med","Chub","Adult","Depth","J01-041","201105_Aliso_Recalibration_Update","slice2",5.15,53.1892758337947,"Q >= limit","J01-041_slice2","Lower","N"
"225","Med","Chub","Adult","Depth","J01-041","201105_Aliso_Recalibration_Update","slice2",NA,NA,"Q >= limit","J01-041_slice2","Lower","N"
"226","High","Chub","Adult","Depth","J01-041","201105_Aliso_Recalibration_Update","slice2",8.86,68.7201746166848,"Q >= limit","J01-041_slice2","Lower","N"
"227","High","Chub","Adult","Depth","J01-041","201105_Aliso_Recalibration_Update","slice2",NA,NA,"Q >= limit","J01-041_slice2","Lower","N"
"228","Low","Chub","Adult","Depth","J01-060","201105_Aliso_Recalibration_Update","slice2",1.91,37.6583822917485,"Q >= limit","J01-060_slice2","Lower","N"
"229","Low","Chub","Adult","Depth","J01-060","201105_Aliso_Recalibration_Update","slice2",NA,NA,"Q >= limit","J01-060_slice2","Lower","N"
"230","Med","Chub","Adult","Depth","J01-060","201105_Aliso_Recalibration_Update","slice2",4.56,53.189275834013,"Q >= limit","J01-060_slice2","Lower","N"
"231","Med","Chub","Adult","Depth","J01-060","201105_Aliso_Recalibration_Update","slice2",NA,NA,"Q >= limit","J01-060_slice2","Lower","N"
"232","High","Chub","Adult","Depth","J01-060","201105_Aliso_Recalibration_Update","slice2",8.3,68.7201724250996,"Q >= limit","J01-060_slice2","Lower","N"
"233","High","Chub","Adult","Depth","J01-060","201105_Aliso_Recalibration_Update","slice2",NA,NA,"Q >= limit","J01-060_slice2","Lower","N"
"234","Low","Chub","Adult","Depth","J01-061","201105_Aliso_Recalibration_Update","slice2",1.29,37.6583547036186,"Q >= limit","J01-061_slice2","Lower","N"
"235","Low","Chub","Adult","Depth","J01-061","201105_Aliso_Recalibration_Update","slice2",NA,NA,"Q >= limit","J01-061_slice2","Lower","N"
"236","Med","Chub","Adult","Depth","J01-061","201105_Aliso_Recalibration_Update","slice2",2.51,53.1892758329883,"Q >= limit","J01-061_slice2","Lower","N"
"237","Med","Chub","Adult","Depth","J01-061","201105_Aliso_Recalibration_Update","slice2",NA,NA,"Q >= limit","J01-061_slice2","Lower","N"
"238","High","Chub","Adult","Depth","J01-061","201105_Aliso_Recalibration_Update","slice2",4.09,68.720250055672,"Q >= limit","J01-061_slice2","Lower","N"
"239","High","Chub","Adult","Depth","J01-061","201105_Aliso_Recalibration_Update","slice2",NA,NA,"Q >= limit","J01-061_slice2","Lower","N"
"240","Low","Chub","Adult","Depth","J01-090","201105_Aliso_Recalibration_Update","slice2",1.76,37.6583817552691,"Q >= limit","J01-090_slice2","Lower","N"
"241","Low","Chub","Adult","Depth","J01-090","201105_Aliso_Recalibration_Update","slice2",NA,NA,"Q >= limit","J01-090_slice2","Lower","N"
"242","Med","Chub","Adult","Depth","J01-090","201105_Aliso_Recalibration_Update","slice2",3.42,53.1892764502674,"Q >= limit","J01-090_slice2","Lower","N"
"243","Med","Chub","Adult","Depth","J01-090","201105_Aliso_Recalibration_Update","slice2",NA,NA,"Q >= limit","J01-090_slice2","Lower","N"
"244","High","Chub","Adult","Depth","J01-090","201105_Aliso_Recalibration_Update","slice2",5.56,68.7237573126074,"Q >= limit","J01-090_slice2","Lower","N"
"245","High","Chub","Adult","Depth","J01-090","201105_Aliso_Recalibration_Update","slice2",NA,NA,"Q >= limit","J01-090_slice2","Lower","N"
"246","Low","Chub","Adult","Depth","J01-091","201105_Aliso_Recalibration_Update","slice2",6.7,37.6325245172022,"Q >= limit","J01-091_slice2","Lower","N"
"247","Low","Chub","Adult","Depth","J01-091","201105_Aliso_Recalibration_Update","slice2",NA,NA,"Q >= limit","J01-091_slice2","Lower","N"
"248","Med","Chub","Adult","Depth","J01-091","201105_Aliso_Recalibration_Update","slice2",13.51,53.0594977410674,"Q >= limit","J01-091_slice2","Lower","N"
"249","Med","Chub","Adult","Depth","J01-091","201105_Aliso_Recalibration_Update","slice2",NA,NA,"Q >= limit","J01-091_slice2","Lower","N"
"250","Low","Chub","Adult","Depth","J01-100","201105_Aliso_Recalibration_Update","slice2",5.87,37.6583629558949,"Q >= limit","J01-100_slice2","Lower","N"
"251","Low","Chub","Adult","Depth","J01-100","201105_Aliso_Recalibration_Update","slice2",NA,NA,"Q >= limit","J01-100_slice2","Lower","N"
"252","Med","Chub","Adult","Depth","J01-100","201105_Aliso_Recalibration_Update","slice2",11.83,53.1892758362648,"Q >= limit","J01-100_slice2","Lower","N"
"253","Med","Chub","Adult","Depth","J01-100","201105_Aliso_Recalibration_Update","slice2",NA,NA,"Q >= limit","J01-100_slice2","Lower","N"
"254","High","Chub","Adult","Depth","J01-100","201105_Aliso_Recalibration_Update","slice2",19.63,68.7203097568634,"Q >= limit","J01-100_slice2","Lower","N"
"255","High","Chub","Adult","Depth","J01-100","201105_Aliso_Recalibration_Update","slice2",NA,NA,"Q >= limit","J01-100_slice2","Lower","N"
"256","Low","Chub","Adult","Depth","J03-010","201105_Aliso_Recalibration_Update","slice2",1.16,37.6583820518536,"Q >= limit","J03-010_slice2","Lower","N"
"257","Low","Chub","Adult","Depth","J03-010","201105_Aliso_Recalibration_Update","slice2",NA,NA,"Q >= limit","J03-010_slice2","Lower","N"
"258","Med","Chub","Adult","Depth","J03-010","201105_Aliso_Recalibration_Update","slice2",2.61,53.1892758396028,"Q >= limit","J03-010_slice2","Lower","N"
"259","Med","Chub","Adult","Depth","J03-010","201105_Aliso_Recalibration_Update","slice2",NA,NA,"Q >= limit","J03-010_slice2","Lower","N"
"260","High","Chub","Adult","Depth","J03-010","201105_Aliso_Recalibration_Update","slice2",4.7,68.7201698016025,"Q >= limit","J03-010_slice2","Lower","N"
"261","High","Chub","Adult","Depth","J03-010","201105_Aliso_Recalibration_Update","slice2",NA,NA,"Q >= limit","J03-010_slice2","Lower","N"
"262","Low","Chub","Adult","Depth","J04-010","201105_Aliso_Recalibration_Update","slice3",1.18,37.6583817790965,"Q >= limit","J04-010_slice3","Lower","N"
"263","Low","Chub","Adult","Depth","J04-010","201105_Aliso_Recalibration_Update","slice3",NA,NA,"Q >= limit","J04-010_slice3","Lower","N"
"264","Med","Chub","Adult","Depth","J04-010","201105_Aliso_Recalibration_Update","slice3",3.47,53.1892758330192,"Q >= limit","J04-010_slice3","Lower","N"
"265","Med","Chub","Adult","Depth","J04-010","201105_Aliso_Recalibration_Update","slice3",NA,NA,"Q >= limit","J04-010_slice3","Lower","N"
"266","High","Chub","Adult","Depth","J04-010","201105_Aliso_Recalibration_Update","slice3",6.89,68.7201727443217,"Q >= limit","J04-010_slice3","Lower","N"
"267","High","Chub","Adult","Depth","J04-010","201105_Aliso_Recalibration_Update","slice3",NA,NA,"Q >= limit","J04-010_slice3","Lower","N"
"268","Low","Chub","Adult","Depth","J05-010","201105_Aliso_Recalibration_Update","slice1",1.34,37.6583810335974,"Q >= limit","J05-010_slice1","Lower","N"
"269","Low","Chub","Adult","Depth","J05-010","201105_Aliso_Recalibration_Update","slice1",NA,NA,"Q >= limit","J05-010_slice1","Lower","N"
"270","Med","Chub","Adult","Depth","J05-010","201105_Aliso_Recalibration_Update","slice1",3.25,53.1892758241663,"Q >= limit","J05-010_slice1","Lower","N"
"271","Med","Chub","Adult","Depth","J05-010","201105_Aliso_Recalibration_Update","slice1",NA,NA,"Q >= limit","J05-010_slice1","Lower","N"
"272","High","Chub","Adult","Depth","J05-010","201105_Aliso_Recalibration_Update","slice1",6.05,68.720535279258,"Q >= limit","J05-010_slice1","Lower","N"
"273","High","Chub","Adult","Depth","J05-010","201105_Aliso_Recalibration_Update","slice1",NA,NA,"Q >= limit","J05-010_slice1","Lower","N"
"274","Low","Chub","Adult","Depth","J07-010","201105_Aliso_Recalibration_Update","slice1",7.21,37.6562972152696,"Q >= limit","J07-010_slice1","Lower","N"
"275","Low","Chub","Adult","Depth","J07-010","201105_Aliso_Recalibration_Update","slice1",NA,NA,"Q >= limit","J07-010_slice1","Lower","N"
"276","Med","Chub","Adult","Depth","J07-010","201105_Aliso_Recalibration_Update","slice1",14.24,53.1890545827271,"Q >= limit","J07-010_slice1","Lower","N"
"277","Med","Chub","Adult","Depth","J07-010","201105_Aliso_Recalibration_Update","slice1",NA,NA,"Q >= limit","J07-010_slice1","Lower","N"
"278","High","Chub","Adult","Depth","J07-010","201105_Aliso_Recalibration_Update","slice1",23.19,68.7283805396193,"Q >= limit","J07-010_slice1","Lower","N"
"279","High","Chub","Adult","Depth","J07-010","201105_Aliso_Recalibration_Update","slice1",NA,NA,"Q >= limit","J07-010_slice1","Lower","N"
"280","High","Chub","Adult","Velocity","I01-012","201118_Oso,_Small_Creeks_Existing_Conditions","slice2",0.01,0.261774888377957,"Q >= limit[1] & Q <= limit[2]","I01-012_slice2","Lower","N"
"281","High","Chub","Adult","Velocity","I01-012","201118_Oso,_Small_Creeks_Existing_Conditions","slice2",0.14,0.740116228495686,"Q >= limit[1] & Q <= limit[2]","I01-012_slice2","Upper","N"
"282","Med","Chub","Adult","Velocity","I01-020","201118_Oso,_Small_Creeks_Existing_Conditions","slice2",0,0.129707369899783,"Q >= limit[1] & Q <= limit[2]","I01-020_slice2","Lower","N"
"283","Med","Chub","Adult","Velocity","I01-020","201118_Oso,_Small_Creeks_Existing_Conditions","slice2",0.17,0.87218116389024,"Q >= limit[1] & Q <= limit[2]","I01-020_slice2","Upper","N"
"284","High","Chub","Adult","Velocity","I01-020","201118_Oso,_Small_Creeks_Existing_Conditions","slice2",0,0.261779144145428,"Q >= limit[1] & Q <= limit[2]","I01-020_slice2","Lower","N"
"285","High","Chub","Adult","Velocity","I01-020","201118_Oso,_Small_Creeks_Existing_Conditions","slice2",0.11,0.74010939066076,"Q >= limit[1] & Q <= limit[2]","I01-020_slice2","Upper","N"
"286","Med","Chub","Adult","Velocity","K01-020","201118_Oso,_Small_Creeks_Existing_Conditions","slice2",0.01,0.129694102068088,"Q >= limit[1] & Q <= limit[2]","K01-020_slice2","Lower","N"
"287","Med","Chub","Adult","Velocity","K01-020","201118_Oso,_Small_Creeks_Existing_Conditions","slice2",2.59,0.872194780480271,"Q >= limit[1] & Q <= limit[2]","K01-020_slice2","Upper","N"
"288","High","Chub","Adult","Velocity","K01-020","201118_Oso,_Small_Creeks_Existing_Conditions","slice2",0.08,0.261772275422925,"Q >= limit[1] & Q <= limit[2]","K01-020_slice2","Lower","N"
"289","High","Chub","Adult","Velocity","K01-020","201118_Oso,_Small_Creeks_Existing_Conditions","slice2",1.72,0.740115968925559,"Q >= limit[1] & Q <= limit[2]","K01-020_slice2","Upper","N"
"290","High","Chub","Adult","Velocity","K01-030","201118_Oso,_Small_Creeks_Existing_Conditions","slice2",0.02,0.261772274163488,"Q >= limit[1] & Q <= limit[2]","K01-030_slice2","Lower","N"
"291","High","Chub","Adult","Velocity","K01-030","201118_Oso,_Small_Creeks_Existing_Conditions","slice2",0.3,0.740116265662486,"Q >= limit[1] & Q <= limit[2]","K01-030_slice2","Upper","N"
"292","Med","Chub","Adult","Velocity","L01-100","210422_San_Juan_Existing_Conditions","slice3",0.01,0.129694102338734,"Q >= limit[1] & Q <= limit[2]","L01-100_slice3","Lower","N"
"293","Med","Chub","Adult","Velocity","L01-100","210422_San_Juan_Existing_Conditions","slice3",0.09,0.872194434208074,"Q >= limit[1] & Q <= limit[2]","L01-100_slice3","Upper","N"
"294","High","Chub","Adult","Velocity","L01-100","210422_San_Juan_Existing_Conditions","slice3",0.01,0.261772275806899,"Q >= limit[1] & Q <= limit[2]","L01-100_slice3","Lower","N"
"295","High","Chub","Adult","Velocity","L01-100","210422_San_Juan_Existing_Conditions","slice3",0.06,0.740116264134606,"Q >= limit[1] & Q <= limit[2]","L01-100_slice3","Upper","N"
"296","Med","Chub","Adult","Velocity","L02-010","210422_San_Juan_Existing_Conditions","slice2",0,0.121735783064372,"Q >= limit[1] & Q <= limit[2]","L02-010_slice2","Lower","N"
"297","Med","Chub","Adult","Velocity","L02-010","210422_San_Juan_Existing_Conditions","slice2",0.59,0.87219443412288,"Q >= limit[1] & Q <= limit[2]","L02-010_slice2","Upper","N"
"298","High","Chub","Adult","Velocity","L02-010","210422_San_Juan_Existing_Conditions","slice2",0,0.262034632855384,"Q >= limit[1] & Q <= limit[2]","L02-010_slice2","Lower","N"
"299","High","Chub","Adult","Velocity","L02-010","210422_San_Juan_Existing_Conditions","slice2",0.44,0.740116261866075,"Q >= limit[1] & Q <= limit[2]","L02-010_slice2","Upper","N"
"300","Med","Chub","Adult","Velocity","L02-020","210422_San_Juan_Existing_Conditions","slice1",0.01,0.129694102330755,"Q >= limit[1] & Q <= limit[2]","L02-020_slice1","Lower","N"
"301","Med","Chub","Adult","Velocity","L02-020","210422_San_Juan_Existing_Conditions","slice1",0.8,0.87219443353048,"Q >= limit[1] & Q <= limit[2]","L02-020_slice1","Upper","N"
"302","High","Chub","Adult","Velocity","L02-020","210422_San_Juan_Existing_Conditions","slice1",0.02,0.261772275750651,"Q >= limit[1] & Q <= limit[2]","L02-020_slice1","Lower","N"
"303","High","Chub","Adult","Velocity","L02-020","210422_San_Juan_Existing_Conditions","slice1",0.61,0.740116262391977,"Q >= limit[1] & Q <= limit[2]","L02-020_slice1","Upper","N"
"304","High","Chub","Adult","Velocity","L02-021","210422_San_Juan_Existing_Conditions","slice3",0.02,0.261772275802714,"Q >= limit[1] & Q <= limit[2]","L02-021_slice3","Lower","N"
"305","High","Chub","Adult","Velocity","L02-021","210422_San_Juan_Existing_Conditions","slice3",0.34,0.740116264100513,"Q >= limit[1] & Q <= limit[2]","L02-021_slice3","Upper","N"
"306","Med","Chub","Adult","Velocity","L02-022","210422_San_Juan_Existing_Conditions","slice2",0.16,0.129845818625861,"Q >= limit[1] & Q <= limit[2]","L02-022_slice2","Lower","N"
"307","Med","Chub","Adult","Velocity","L02-022","210422_San_Juan_Existing_Conditions","slice2",12.49,0.872042769698498,"Q >= limit[1] & Q <= limit[2]","L02-022_slice2","Upper","N"
"308","High","Chub","Adult","Velocity","L02-022","210422_San_Juan_Existing_Conditions","slice2",0.4,0.261850784673635,"Q >= limit[1] & Q <= limit[2]","L02-022_slice2","Lower","N"
"309","High","Chub","Adult","Velocity","L02-022","210422_San_Juan_Existing_Conditions","slice2",9.9,0.740037733618836,"Q >= limit[1] & Q <= limit[2]","L02-022_slice2","Upper","N"
"310","High","Chub","Adult","Velocity","L02-050","210422_San_Juan_Existing_Conditions","slice2",0.01,0.261772275605566,"Q >= limit[1] & Q <= limit[2]","L02-050_slice2","Lower","N"
"311","High","Chub","Adult","Velocity","L02-050","210422_San_Juan_Existing_Conditions","slice2",0.21,0.740116263663825,"Q >= limit[1] & Q <= limit[2]","L02-050_slice2","Upper","N"
"312","High","Chub","Adult","Velocity","L02-051","210422_San_Juan_Existing_Conditions","slice2",0,0.261772267490768,"Q >= limit[1] & Q <= limit[2]","L02-051_slice2","Lower","N"
"313","High","Chub","Adult","Velocity","L02-051","210422_San_Juan_Existing_Conditions","slice2",0.21,0.740116272144809,"Q >= limit[1] & Q <= limit[2]","L02-051_slice2","Upper","N"
"314","Med","Chub","Adult","Velocity","L03-010","210422_San_Juan_Existing_Conditions","slice2",0,0.129694094075701,"Q >= limit[1] & Q <= limit[2]","L03-010_slice2","Lower","N"
"315","Med","Chub","Adult","Velocity","L03-010","210422_San_Juan_Existing_Conditions","slice2",1.58,0.872198161475097,"Q >= limit[1] & Q <= limit[2]","L03-010_slice2","Upper","N"
"316","High","Chub","Adult","Velocity","L03-010","210422_San_Juan_Existing_Conditions","slice2",0.01,0.261772267128053,"Q >= limit[1] & Q <= limit[2]","L03-010_slice2","Lower","N"
"317","High","Chub","Adult","Velocity","L03-010","210422_San_Juan_Existing_Conditions","slice2",1.15,0.740116275989225,"Q >= limit[1] & Q <= limit[2]","L03-010_slice2","Upper","N"
"318","Med","Chub","Adult","Velocity","L03-011","210422_San_Juan_Existing_Conditions","slice1",0.02,0.135162205842548,"Q >= limit[1] & Q <= limit[2]","L03-011_slice1","Lower","N"
"319","Med","Chub","Adult","Velocity","L03-011","210422_San_Juan_Existing_Conditions","slice1",7.04,0.866726360427874,"Q >= limit[1] & Q <= limit[2]","L03-011_slice1","Upper","N"
"320","High","Chub","Adult","Velocity","L03-011","210422_San_Juan_Existing_Conditions","slice1",0.16,0.264616613756085,"Q >= limit[1] & Q <= limit[2]","L03-011_slice1","Lower","N"
"321","High","Chub","Adult","Velocity","L03-011","210422_San_Juan_Existing_Conditions","slice1",4.12,0.737271875507461,"Q >= limit[1] & Q <= limit[2]","L03-011_slice1","Upper","N"
"322","High","Chub","Adult","Velocity","L03-030","210422_San_Juan_Existing_Conditions","slice3",0.05,0.740611158351021,"Q >= limit[1] & Q <= limit[2]","L03-030_slice3","Lower","N"
"323","High","Chub","Adult","Velocity","L03-030","210422_San_Juan_Existing_Conditions","slice3",0.12,0.740611158351021,"Q >= limit[1] & Q <= limit[2]","L03-030_slice3","Upper","N"
"324","High","Chub","Adult","Velocity","L04-010","210422_San_Juan_Existing_Conditions","slice2",0.02,0.26177227580717,"Q >= limit[1] & Q <= limit[2]","L04-010_slice2","Lower","N"
"325","High","Chub","Adult","Velocity","L04-010","210422_San_Juan_Existing_Conditions","slice2",0.5,0.740116263424695,"Q >= limit[1] & Q <= limit[2]","L04-010_slice2","Upper","N"
"326","High","Chub","Adult","Velocity","M01-011","201118_Oso,_Small_Creeks_Existing_Conditions","slice2",0.04,0.261772275798024,"Q >= limit[1] & Q <= limit[2]","M01-011_slice2","Lower","N"
"327","High","Chub","Adult","Velocity","M01-011","201118_Oso,_Small_Creeks_Existing_Conditions","slice2",0.51,0.740116263569386,"Q >= limit[1] & Q <= limit[2]","M01-011_slice2","Upper","N"
"328","High","Chub","Adult","Velocity","M02-011","201118_Oso,_Small_Creeks_Existing_Conditions","slice3",0.04,0.261772275841809,"Q >= limit[1] & Q <= limit[2]","M02-011_slice3","Lower","N"
"329","High","Chub","Adult","Velocity","M02-011","201118_Oso,_Small_Creeks_Existing_Conditions","slice3",0.78,0.74011622753206,"Q >= limit[1] & Q <= limit[2]","M02-011_slice3","Upper","N"
"330","Med","Chub","Adult","Velocity","J01-010","201105_Aliso_Recalibration_Update","slice2",0.25,0.187470080892394,"Q >= limit[1] & Q <= limit[2]","J01-010_slice2","Lower","N"
"331","Med","Chub","Adult","Velocity","J01-010","201105_Aliso_Recalibration_Update","slice2",24.33,0.814418455346369,"Q >= limit[1] & Q <= limit[2]","J01-010_slice2","Upper","N"
"332","High","Chub","Adult","Velocity","J01-010","201105_Aliso_Recalibration_Update","slice2",1.13,0.293282204597895,"Q >= limit[1] & Q <= limit[2]","J01-010_slice2","Lower","N"
"333","High","Chub","Adult","Velocity","J01-010","201105_Aliso_Recalibration_Update","slice2",16.35,0.708606320427182,"Q >= limit[1] & Q <= limit[2]","J01-010_slice2","Upper","N"
"334","Med","Chub","Adult","Velocity","J01-031","201105_Aliso_Recalibration_Update","slice2",0,0.129694075033471,"Q >= limit[1] & Q <= limit[2]","J01-031_slice2","Lower","N"
"335","Med","Chub","Adult","Velocity","J01-031","201105_Aliso_Recalibration_Update","slice2",0.51,0.87219451135996,"Q >= limit[1] & Q <= limit[2]","J01-031_slice2","Upper","N"
"336","High","Chub","Adult","Velocity","J01-031","201105_Aliso_Recalibration_Update","slice2",0.01,0.261772234354737,"Q >= limit[1] & Q <= limit[2]","J01-031_slice2","Lower","N"
"337","High","Chub","Adult","Velocity","J01-031","201105_Aliso_Recalibration_Update","slice2",0.35,0.740116304112083,"Q >= limit[1] & Q <= limit[2]","J01-031_slice2","Upper","N"
"338","High","Chub","Adult","Velocity","J01-040","201105_Aliso_Recalibration_Update","slice4",0.07,0.261772275348873,"Q >= limit[1] & Q <= limit[2]","J01-040_slice4","Lower","N"
"339","High","Chub","Adult","Velocity","J01-040","201105_Aliso_Recalibration_Update","slice4",3.23,0.740116264551993,"Q >= limit[1] & Q <= limit[2]","J01-040_slice4","Upper","N"
"340","High","Chub","Adult","Velocity","J01-041","201105_Aliso_Recalibration_Update","slice2",0.04,0.261772275209831,"Q >= limit[1] & Q <= limit[2]","J01-041_slice2","Lower","N"
"341","High","Chub","Adult","Velocity","J01-041","201105_Aliso_Recalibration_Update","slice2",1,0.740116257554617,"Q >= limit[1] & Q <= limit[2]","J01-041_slice2","Upper","N"
"342","Med","Chub","Adult","Velocity","J01-061","201105_Aliso_Recalibration_Update","slice2",0.02,0.12969409709678,"Q >= limit[1] & Q <= limit[2]","J01-061_slice2","Lower","N"
"343","Med","Chub","Adult","Velocity","J01-061","201105_Aliso_Recalibration_Update","slice2",1.87,0.872194600602122,"Q >= limit[1] & Q <= limit[2]","J01-061_slice2","Upper","N"
"344","High","Chub","Adult","Velocity","J01-061","201105_Aliso_Recalibration_Update","slice2",0.08,0.261772280357283,"Q >= limit[1] & Q <= limit[2]","J01-061_slice2","Lower","N"
"345","High","Chub","Adult","Velocity","J01-061","201105_Aliso_Recalibration_Update","slice2",1.26,0.740116271394811,"Q >= limit[1] & Q <= limit[2]","J01-061_slice2","Upper","N"
"346","Med","Chub","Adult","Velocity","J01-090","201105_Aliso_Recalibration_Update","slice2",0.01,0.129694102362666,"Q >= limit[1] & Q <= limit[2]","J01-090_slice2","Lower","N"
"347","Med","Chub","Adult","Velocity","J01-090","201105_Aliso_Recalibration_Update","slice2",0.47,0.872194445010506,"Q >= limit[1] & Q <= limit[2]","J01-090_slice2","Upper","N"
"348","High","Chub","Adult","Velocity","J01-090","201105_Aliso_Recalibration_Update","slice2",0.02,0.261772275790701,"Q >= limit[1] & Q <= limit[2]","J01-090_slice2","Lower","N"
"349","High","Chub","Adult","Velocity","J01-090","201105_Aliso_Recalibration_Update","slice2",0.29,0.740116261849832,"Q >= limit[1] & Q <= limit[2]","J01-090_slice2","Upper","N"
"350","Med","Chub","Adult","Velocity","J01-091","201105_Aliso_Recalibration_Update","slice2",0,0.12969410236517,"Q >= limit[1] & Q <= limit[2]","J01-091_slice2","Lower","N"
"351","Med","Chub","Adult","Velocity","J01-091","201105_Aliso_Recalibration_Update","slice2",0.32,0.872194466102697,"Q >= limit[1] & Q <= limit[2]","J01-091_slice2","Upper","N"
"352","High","Chub","Adult","Velocity","J01-091","201105_Aliso_Recalibration_Update","slice2",0,0.261772275797953,"Q >= limit[1] & Q <= limit[2]","J01-091_slice2","Lower","N"
"353","High","Chub","Adult","Velocity","J01-091","201105_Aliso_Recalibration_Update","slice2",0.19,0.740116262572774,"Q >= limit[1] & Q <= limit[2]","J01-091_slice2","Upper","N"
"354","Med","Chub","Adult","Velocity","J01-100","201105_Aliso_Recalibration_Update","slice2",0.04,0.124439213038861,"Q >= limit[1] & Q <= limit[2]","J01-100_slice2","Lower","N"
"355","Med","Chub","Adult","Velocity","J01-100","201105_Aliso_Recalibration_Update","slice2",0.31,0.872194443538511,"Q >= limit[1] & Q <= limit[2]","J01-100_slice2","Upper","N"
"356","High","Chub","Adult","Velocity","J01-100","201105_Aliso_Recalibration_Update","slice2",0.04,0.267853729442079,"Q >= limit[1] & Q <= limit[2]","J01-100_slice2","Lower","N"
"357","High","Chub","Adult","Velocity","J01-100","201105_Aliso_Recalibration_Update","slice2",0.22,0.74011626290994,"Q >= limit[1] & Q <= limit[2]","J01-100_slice2","Upper","N"
"358","High","Chub","Adult","Velocity","J03-010","201105_Aliso_Recalibration_Update","slice2",0.03,0.261772275660575,"Q >= limit[1] & Q <= limit[2]","J03-010_slice2","Lower","N"
"359","High","Chub","Adult","Velocity","J03-010","201105_Aliso_Recalibration_Update","slice2",0.54,0.740116258309202,"Q >= limit[1] & Q <= limit[2]","J03-010_slice2","Upper","N"
"360","High","Chub","Adult","Velocity","J04-010","201105_Aliso_Recalibration_Update","slice3",0.09,0.261772257486156,"Q >= limit[1] & Q <= limit[2]","J04-010_slice3","Lower","N"
"361","High","Chub","Adult","Velocity","J04-010","201105_Aliso_Recalibration_Update","slice3",3.63,0.740116280392394,"Q >= limit[1] & Q <= limit[2]","J04-010_slice3","Upper","N"
"362","High","Chub","Adult","Velocity","J05-010","201105_Aliso_Recalibration_Update","slice1",0.02,0.261772273040838,"Q >= limit[1] & Q <= limit[2]","J05-010_slice1","Lower","N"
"363","High","Chub","Adult","Velocity","J05-010","201105_Aliso_Recalibration_Update","slice1",0.67,0.740116259133295,"Q >= limit[1] & Q <= limit[2]","J05-010_slice1","Upper","N"
"364","High","Chub","Adult","Velocity","J07-010","201105_Aliso_Recalibration_Update","slice1",0.02,0.261772275805445,"Q >= limit[1] & Q <= limit[2]","J07-010_slice1","Lower","N"
"365","High","Chub","Adult","Velocity","J07-010","201105_Aliso_Recalibration_Update","slice1",0.59,0.740116235618733,"Q >= limit[1] & Q <= limit[2]","J07-010_slice1","Upper","N"
"366","Low","Chub","Adult","Velocity","I01-012","201118_Oso,_Small_Creeks_Existing_Conditions","slice2",0.3,1.02597132523339,"Q >= min_limit & Q <= limit","I01-012_slice2","Upper","With Min Limit"
"367","Low","Chub","Adult","Velocity","I01-012","201118_Oso,_Small_Creeks_Existing_Conditions","slice2",NA,NA,"Q >= min_limit & Q <= limit","I01-012_slice2","Upper","With Min Limit"
"368","Med","Chub","Adult","Velocity","I01-012","201118_Oso,_Small_Creeks_Existing_Conditions","slice2",0.2,0.872194434966717,"Q >= min_limit & Q <= limit","I01-012_slice2","Upper","With Min Limit"
"369","Med","Chub","Adult","Velocity","I01-012","201118_Oso,_Small_Creeks_Existing_Conditions","slice2",NA,NA,"Q >= min_limit & Q <= limit","I01-012_slice2","Upper","With Min Limit"
"370","Low","Chub","Adult","Velocity","I01-020","201118_Oso,_Small_Creeks_Existing_Conditions","slice2",0.26,1.02594312233242,"Q >= min_limit & Q <= limit","I01-020_slice2","Upper","With Min Limit"
"371","Low","Chub","Adult","Velocity","I01-020","201118_Oso,_Small_Creeks_Existing_Conditions","slice2",NA,NA,"Q >= min_limit & Q <= limit","I01-020_slice2","Upper","With Min Limit"
"372","Low","Chub","Adult","Velocity","K01-010","201118_Oso,_Small_Creeks_Existing_Conditions","slice3",0.91,1.02597132897886,"Q >= min_limit & Q <= limit","K01-010_slice3","Upper","With Min Limit"
"373","Low","Chub","Adult","Velocity","K01-010","201118_Oso,_Small_Creeks_Existing_Conditions","slice3",NA,NA,"Q >= min_limit & Q <= limit","K01-010_slice3","Upper","With Min Limit"
"374","Med","Chub","Adult","Velocity","K01-010","201118_Oso,_Small_Creeks_Existing_Conditions","slice3",0.54,0.872194440949749,"Q >= min_limit & Q <= limit","K01-010_slice3","Upper","With Min Limit"
"375","Med","Chub","Adult","Velocity","K01-010","201118_Oso,_Small_Creeks_Existing_Conditions","slice3",NA,NA,"Q >= min_limit & Q <= limit","K01-010_slice3","Upper","With Min Limit"
"376","High","Chub","Adult","Velocity","K01-010","201118_Oso,_Small_Creeks_Existing_Conditions","slice3",0.23,0.740116234842424,"Q >= min_limit & Q <= limit","K01-010_slice3","Upper","With Min Limit"
"377","High","Chub","Adult","Velocity","K01-010","201118_Oso,_Small_Creeks_Existing_Conditions","slice3",NA,NA,"Q >= min_limit & Q <= limit","K01-010_slice3","Upper","With Min Limit"
"378","Low","Chub","Adult","Velocity","K01-020","201118_Oso,_Small_Creeks_Existing_Conditions","slice2",5.99,1.02598958624337,"Q >= min_limit & Q <= limit","K01-020_slice2","Upper","With Min Limit"
"379","Low","Chub","Adult","Velocity","K01-020","201118_Oso,_Small_Creeks_Existing_Conditions","slice2",NA,NA,"Q >= min_limit & Q <= limit","K01-020_slice2","Upper","With Min Limit"
"380","Low","Chub","Adult","Velocity","K01-030","201118_Oso,_Small_Creeks_Existing_Conditions","slice2",0.81,1.02597130226354,"Q >= min_limit & Q <= limit","K01-030_slice2","Upper","With Min Limit"
"381","Low","Chub","Adult","Velocity","K01-030","201118_Oso,_Small_Creeks_Existing_Conditions","slice2",NA,NA,"Q >= min_limit & Q <= limit","K01-030_slice2","Upper","With Min Limit"
"382","Med","Chub","Adult","Velocity","K01-030","201118_Oso,_Small_Creeks_Existing_Conditions","slice2",0.47,0.872194505537325,"Q >= min_limit & Q <= limit","K01-030_slice2","Upper","With Min Limit"
"383","Med","Chub","Adult","Velocity","K01-030","201118_Oso,_Small_Creeks_Existing_Conditions","slice2",NA,NA,"Q >= min_limit & Q <= limit","K01-030_slice2","Upper","With Min Limit"
"384","Low","Chub","Adult","Velocity","L01-080","210422_San_Juan_Existing_Conditions","slice3",0.18,1.02597145078731,"Q >= min_limit & Q <= limit","L01-080_slice3","Upper","With Min Limit"
"385","Low","Chub","Adult","Velocity","L01-080","210422_San_Juan_Existing_Conditions","slice3",NA,NA,"Q >= min_limit & Q <= limit","L01-080_slice3","Upper","With Min Limit"
"386","Med","Chub","Adult","Velocity","L01-080","210422_San_Juan_Existing_Conditions","slice3",0.09,0.872194434126559,"Q >= min_limit & Q <= limit","L01-080_slice3","Upper","With Min Limit"
"387","Med","Chub","Adult","Velocity","L01-080","210422_San_Juan_Existing_Conditions","slice3",NA,NA,"Q >= min_limit & Q <= limit","L01-080_slice3","Upper","With Min Limit"
"388","High","Chub","Adult","Velocity","L01-080","210422_San_Juan_Existing_Conditions","slice3",0.07,0.740116264029822,"Q >= min_limit & Q <= limit","L01-080_slice3","Upper","With Min Limit"
"389","High","Chub","Adult","Velocity","L01-080","210422_San_Juan_Existing_Conditions","slice3",NA,NA,"Q >= min_limit & Q <= limit","L01-080_slice3","Upper","With Min Limit"
"390","Low","Chub","Adult","Velocity","L01-100","210422_San_Juan_Existing_Conditions","slice3",0.12,1.02597128864333,"Q >= min_limit & Q <= limit","L01-100_slice3","Upper","With Min Limit"
"391","Low","Chub","Adult","Velocity","L01-100","210422_San_Juan_Existing_Conditions","slice3",NA,NA,"Q >= min_limit & Q <= limit","L01-100_slice3","Upper","With Min Limit"
"392","Low","Chub","Adult","Velocity","L02-010","210422_San_Juan_Existing_Conditions","slice2",0.79,1.02597129551561,"Q >= min_limit & Q <= limit","L02-010_slice2","Upper","With Min Limit"
"393","Low","Chub","Adult","Velocity","L02-010","210422_San_Juan_Existing_Conditions","slice2",NA,NA,"Q >= min_limit & Q <= limit","L02-010_slice2","Upper","With Min Limit"
"394","Low","Chub","Adult","Velocity","L02-020","210422_San_Juan_Existing_Conditions","slice1",1.34,1.02597129162021,"Q >= min_limit & Q <= limit","L02-020_slice1","Upper","With Min Limit"
"395","Low","Chub","Adult","Velocity","L02-020","210422_San_Juan_Existing_Conditions","slice1",NA,NA,"Q >= min_limit & Q <= limit","L02-020_slice1","Upper","With Min Limit"
"396","Low","Chub","Adult","Velocity","L02-021","210422_San_Juan_Existing_Conditions","slice3",0.91,1.02597129765306,"Q >= min_limit & Q <= limit","L02-021_slice3","Upper","With Min Limit"
"397","Low","Chub","Adult","Velocity","L02-021","210422_San_Juan_Existing_Conditions","slice3",NA,NA,"Q >= min_limit & Q <= limit","L02-021_slice3","Upper","With Min Limit"
"398","Med","Chub","Adult","Velocity","L02-021","210422_San_Juan_Existing_Conditions","slice3",0.65,0.872194434908387,"Q >= min_limit & Q <= limit","L02-021_slice3","Upper","With Min Limit"
"399","Med","Chub","Adult","Velocity","L02-021","210422_San_Juan_Existing_Conditions","slice3",NA,NA,"Q >= min_limit & Q <= limit","L02-021_slice3","Upper","With Min Limit"
"400","Low","Chub","Adult","Velocity","L02-022","210422_San_Juan_Existing_Conditions","slice2",16.41,1.02564976363547,"Q >= min_limit & Q <= limit","L02-022_slice2","Upper","With Min Limit"
"401","Low","Chub","Adult","Velocity","L02-022","210422_San_Juan_Existing_Conditions","slice2",NA,NA,"Q >= min_limit & Q <= limit","L02-022_slice2","Upper","With Min Limit"
"402","Low","Chub","Adult","Velocity","L02-023","210422_San_Juan_Existing_Conditions","slice4",0.81,1.02597129476604,"Q >= min_limit & Q <= limit","L02-023_slice4","Upper","With Min Limit"
"403","Low","Chub","Adult","Velocity","L02-023","210422_San_Juan_Existing_Conditions","slice4",NA,NA,"Q >= min_limit & Q <= limit","L02-023_slice4","Upper","With Min Limit"
"404","Med","Chub","Adult","Velocity","L02-023","210422_San_Juan_Existing_Conditions","slice4",0.56,0.872194434415558,"Q >= min_limit & Q <= limit","L02-023_slice4","Upper","With Min Limit"
"405","Med","Chub","Adult","Velocity","L02-023","210422_San_Juan_Existing_Conditions","slice4",NA,NA,"Q >= min_limit & Q <= limit","L02-023_slice4","Upper","With Min Limit"
"406","High","Chub","Adult","Velocity","L02-023","210422_San_Juan_Existing_Conditions","slice4",0.39,0.740116264046733,"Q >= min_limit & Q <= limit","L02-023_slice4","Upper","With Min Limit"
"407","High","Chub","Adult","Velocity","L02-023","210422_San_Juan_Existing_Conditions","slice4",NA,NA,"Q >= min_limit & Q <= limit","L02-023_slice4","Upper","With Min Limit"
"408","Low","Chub","Adult","Velocity","L02-030","210422_San_Juan_Existing_Conditions","slice2",0.64,1.0259713122493,"Q >= min_limit & Q <= limit","L02-030_slice2","Upper","With Min Limit"
"409","Low","Chub","Adult","Velocity","L02-030","210422_San_Juan_Existing_Conditions","slice2",NA,NA,"Q >= min_limit & Q <= limit","L02-030_slice2","Upper","With Min Limit"
"410","Med","Chub","Adult","Velocity","L02-030","210422_San_Juan_Existing_Conditions","slice2",0.37,0.87219443347951,"Q >= min_limit & Q <= limit","L02-030_slice2","Upper","With Min Limit"
"411","Med","Chub","Adult","Velocity","L02-030","210422_San_Juan_Existing_Conditions","slice2",NA,NA,"Q >= min_limit & Q <= limit","L02-030_slice2","Upper","With Min Limit"
"412","High","Chub","Adult","Velocity","L02-030","210422_San_Juan_Existing_Conditions","slice2",0.21,0.740116263999339,"Q >= min_limit & Q <= limit","L02-030_slice2","Upper","With Min Limit"
"413","High","Chub","Adult","Velocity","L02-030","210422_San_Juan_Existing_Conditions","slice2",NA,NA,"Q >= min_limit & Q <= limit","L02-030_slice2","Upper","With Min Limit"
"414","High","Chub","Adult","Velocity","L02-031","210422_San_Juan_Existing_Conditions","slice4",0.29,0.740116263884189,"Q >= min_limit & Q <= limit","L02-031_slice4","Upper","With Min Limit"
"415","High","Chub","Adult","Velocity","L02-031","210422_San_Juan_Existing_Conditions","slice4",NA,NA,"Q >= min_limit & Q <= limit","L02-031_slice4","Upper","With Min Limit"
"416","Med","Chub","Adult","Velocity","L02-040","210422_San_Juan_Existing_Conditions","slice4",0.24,0.874299502595335,"Q >= min_limit & Q <= limit","L02-040_slice4","Upper","With Min Limit"
"417","Med","Chub","Adult","Velocity","L02-040","210422_San_Juan_Existing_Conditions","slice4",NA,NA,"Q >= min_limit & Q <= limit","L02-040_slice4","Upper","With Min Limit"
"418","High","Chub","Adult","Velocity","L02-040","210422_San_Juan_Existing_Conditions","slice4",0.14,0.743370929161311,"Q >= min_limit & Q <= limit","L02-040_slice4","Upper","With Min Limit"
"419","High","Chub","Adult","Velocity","L02-040","210422_San_Juan_Existing_Conditions","slice4",NA,NA,"Q >= min_limit & Q <= limit","L02-040_slice4","Upper","With Min Limit"
"420","Low","Chub","Adult","Velocity","L02-041","210422_San_Juan_Existing_Conditions","slice2",6.78,1.02597130970828,"Q >= min_limit & Q <= limit","L02-041_slice2","Upper","With Min Limit"
"421","Low","Chub","Adult","Velocity","L02-041","210422_San_Juan_Existing_Conditions","slice2",NA,NA,"Q >= min_limit & Q <= limit","L02-041_slice2","Upper","With Min Limit"
"422","Med","Chub","Adult","Velocity","L02-041","210422_San_Juan_Existing_Conditions","slice2",3.26,0.872194436281545,"Q >= min_limit & Q <= limit","L02-041_slice2","Upper","With Min Limit"
"423","Med","Chub","Adult","Velocity","L02-041","210422_San_Juan_Existing_Conditions","slice2",NA,NA,"Q >= min_limit & Q <= limit","L02-041_slice2","Upper","With Min Limit"
"424","High","Chub","Adult","Velocity","L02-041","210422_San_Juan_Existing_Conditions","slice2",2.38,0.740116055504934,"Q >= min_limit & Q <= limit","L02-041_slice2","Upper","With Min Limit"
"425","High","Chub","Adult","Velocity","L02-041","210422_San_Juan_Existing_Conditions","slice2",NA,NA,"Q >= min_limit & Q <= limit","L02-041_slice2","Upper","With Min Limit"
"426","Low","Chub","Adult","Velocity","L02-050","210422_San_Juan_Existing_Conditions","slice2",0.47,1.0259713418782,"Q >= min_limit & Q <= limit","L02-050_slice2","Upper","With Min Limit"
"427","Low","Chub","Adult","Velocity","L02-050","210422_San_Juan_Existing_Conditions","slice2",NA,NA,"Q >= min_limit & Q <= limit","L02-050_slice2","Upper","With Min Limit"
"428","Med","Chub","Adult","Velocity","L02-050","210422_San_Juan_Existing_Conditions","slice2",0.32,0.872194458229522,"Q >= min_limit & Q <= limit","L02-050_slice2","Upper","With Min Limit"
"429","Med","Chub","Adult","Velocity","L02-050","210422_San_Juan_Existing_Conditions","slice2",NA,NA,"Q >= min_limit & Q <= limit","L02-050_slice2","Upper","With Min Limit"
"430","Low","Chub","Adult","Velocity","L02-051","210422_San_Juan_Existing_Conditions","slice2",0.45,1.02597132098892,"Q >= min_limit & Q <= limit","L02-051_slice2","Upper","With Min Limit"
"431","Low","Chub","Adult","Velocity","L02-051","210422_San_Juan_Existing_Conditions","slice2",NA,NA,"Q >= min_limit & Q <= limit","L02-051_slice2","Upper","With Min Limit"
"432","Med","Chub","Adult","Velocity","L02-051","210422_San_Juan_Existing_Conditions","slice2",0.3,0.872194444150853,"Q >= min_limit & Q <= limit","L02-051_slice2","Upper","With Min Limit"
"433","Med","Chub","Adult","Velocity","L02-051","210422_San_Juan_Existing_Conditions","slice2",NA,NA,"Q >= min_limit & Q <= limit","L02-051_slice2","Upper","With Min Limit"
"434","Low","Chub","Adult","Velocity","L03-010","210422_San_Juan_Existing_Conditions","slice2",2.54,1.02597226781067,"Q >= min_limit & Q <= limit","L03-010_slice2","Upper","With Min Limit"
"435","Low","Chub","Adult","Velocity","L03-010","210422_San_Juan_Existing_Conditions","slice2",NA,NA,"Q >= min_limit & Q <= limit","L03-010_slice2","Upper","With Min Limit"
"436","Low","Chub","Adult","Velocity","L03-011","210422_San_Juan_Existing_Conditions","slice1",11.78,1.0145596473295,"Q >= min_limit & Q <= limit","L03-011_slice1","Upper","With Min Limit"
"437","Low","Chub","Adult","Velocity","L03-011","210422_San_Juan_Existing_Conditions","slice1",NA,NA,"Q >= min_limit & Q <= limit","L03-011_slice1","Upper","With Min Limit"
"438","Low","Chub","Adult","Velocity","L03-020","210422_San_Juan_Existing_Conditions","slice2",0.11,1.03371546655381,"Q >= min_limit & Q <= limit","L03-020_slice2","Upper","With Min Limit"
"439","Low","Chub","Adult","Velocity","L03-020","210422_San_Juan_Existing_Conditions","slice2",NA,NA,"Q >= min_limit & Q <= limit","L03-020_slice2","Upper","With Min Limit"
"440","Med","Chub","Adult","Velocity","L03-020","210422_San_Juan_Existing_Conditions","slice2",0.08,0.883067852155535,"Q >= min_limit & Q <= limit","L03-020_slice2","Upper","With Min Limit"
"441","Med","Chub","Adult","Velocity","L03-020","210422_San_Juan_Existing_Conditions","slice2",NA,NA,"Q >= min_limit & Q <= limit","L03-020_slice2","Upper","With Min Limit"
"442","High","Chub","Adult","Velocity","L03-020","210422_San_Juan_Existing_Conditions","slice2",0.06,0.756668716048778,"Q >= min_limit & Q <= limit","L03-020_slice2","Upper","With Min Limit"
"443","High","Chub","Adult","Velocity","L03-020","210422_San_Juan_Existing_Conditions","slice2",NA,NA,"Q >= min_limit & Q <= limit","L03-020_slice2","Upper","With Min Limit"
"444","Low","Chub","Adult","Velocity","L03-030","210422_San_Juan_Existing_Conditions","slice3",0.23,1.02614819416661,"Q >= min_limit & Q <= limit","L03-030_slice3","Upper","With Min Limit"
"445","Low","Chub","Adult","Velocity","L03-030","210422_San_Juan_Existing_Conditions","slice3",NA,NA,"Q >= min_limit & Q <= limit","L03-030_slice3","Upper","With Min Limit"
"446","Med","Chub","Adult","Velocity","L03-030","210422_San_Juan_Existing_Conditions","slice3",0.16,0.872496256072674,"Q >= min_limit & Q <= limit","L03-030_slice3","Upper","With Min Limit"
"447","Med","Chub","Adult","Velocity","L03-030","210422_San_Juan_Existing_Conditions","slice3",NA,NA,"Q >= min_limit & Q <= limit","L03-030_slice3","Upper","With Min Limit"
"448","Low","Chub","Adult","Velocity","L04-010","210422_San_Juan_Existing_Conditions","slice2",1.39,1.02597129080389,"Q >= min_limit & Q <= limit","L04-010_slice2","Upper","With Min Limit"
"449","Low","Chub","Adult","Velocity","L04-010","210422_San_Juan_Existing_Conditions","slice2",NA,NA,"Q >= min_limit & Q <= limit","L04-010_slice2","Upper","With Min Limit"
"450","Low","Chub","Adult","Velocity","L05-010","210422_San_Juan_Existing_Conditions","slice2",0.53,1.02597131711772,"Q >= min_limit & Q <= limit","L05-010_slice2","Upper","With Min Limit"
"451","Low","Chub","Adult","Velocity","L05-010","210422_San_Juan_Existing_Conditions","slice2",NA,NA,"Q >= min_limit & Q <= limit","L05-010_slice2","Upper","With Min Limit"
"452","Med","Chub","Adult","Velocity","L05-010","210422_San_Juan_Existing_Conditions","slice2",0.35,0.872194489184003,"Q >= min_limit & Q <= limit","L05-010_slice2","Upper","With Min Limit"
"453","Med","Chub","Adult","Velocity","L05-010","210422_San_Juan_Existing_Conditions","slice2",NA,NA,"Q >= min_limit & Q <= limit","L05-010_slice2","Upper","With Min Limit"
"454","High","Chub","Adult","Velocity","L05-010","210422_San_Juan_Existing_Conditions","slice2",0.23,0.740116256234989,"Q >= min_limit & Q <= limit","L05-010_slice2","Upper","With Min Limit"
"455","High","Chub","Adult","Velocity","L05-010","210422_San_Juan_Existing_Conditions","slice2",NA,NA,"Q >= min_limit & Q <= limit","L05-010_slice2","Upper","With Min Limit"
"456","Low","Chub","Adult","Velocity","L05-020","210422_San_Juan_Existing_Conditions","slice3",0.67,1.02597129488616,"Q >= min_limit & Q <= limit","L05-020_slice3","Upper","With Min Limit"
"457","Low","Chub","Adult","Velocity","L05-020","210422_San_Juan_Existing_Conditions","slice3",NA,NA,"Q >= min_limit & Q <= limit","L05-020_slice3","Upper","With Min Limit"
"458","Med","Chub","Adult","Velocity","L05-020","210422_San_Juan_Existing_Conditions","slice3",0.41,0.87219443422045,"Q >= min_limit & Q <= limit","L05-020_slice3","Upper","With Min Limit"
"459","Med","Chub","Adult","Velocity","L05-020","210422_San_Juan_Existing_Conditions","slice3",NA,NA,"Q >= min_limit & Q <= limit","L05-020_slice3","Upper","With Min Limit"
"460","High","Chub","Adult","Velocity","L05-020","210422_San_Juan_Existing_Conditions","slice3",0.16,0.740116264022261,"Q >= min_limit & Q <= limit","L05-020_slice3","Upper","With Min Limit"
"461","High","Chub","Adult","Velocity","L05-020","210422_San_Juan_Existing_Conditions","slice3",NA,NA,"Q >= min_limit & Q <= limit","L05-020_slice3","Upper","With Min Limit"
"462","Low","Chub","Adult","Velocity","M01-011","201118_Oso,_Small_Creeks_Existing_Conditions","slice2",1.26,1.02597129575277,"Q >= min_limit & Q <= limit","M01-011_slice2","Upper","With Min Limit"
"463","Low","Chub","Adult","Velocity","M01-011","201118_Oso,_Small_Creeks_Existing_Conditions","slice2",NA,NA,"Q >= min_limit & Q <= limit","M01-011_slice2","Upper","With Min Limit"
"464","Med","Chub","Adult","Velocity","M01-011","201118_Oso,_Small_Creeks_Existing_Conditions","slice2",0.79,0.872194436522737,"Q >= min_limit & Q <= limit","M01-011_slice2","Upper","With Min Limit"
"465","Med","Chub","Adult","Velocity","M01-011","201118_Oso,_Small_Creeks_Existing_Conditions","slice2",NA,NA,"Q >= min_limit & Q <= limit","M01-011_slice2","Upper","With Min Limit"
"466","Low","Chub","Adult","Velocity","M01-020","201118_Oso,_Small_Creeks_Existing_Conditions","slice2",0.36,1.02597130987706,"Q >= min_limit & Q <= limit","M01-020_slice2","Upper","With Min Limit"
"467","Low","Chub","Adult","Velocity","M01-020","201118_Oso,_Small_Creeks_Existing_Conditions","slice2",NA,NA,"Q >= min_limit & Q <= limit","M01-020_slice2","Upper","With Min Limit"
"468","High","Chub","Adult","Velocity","M01-020","201118_Oso,_Small_Creeks_Existing_Conditions","slice2",0.12,0.740116263139523,"Q >= min_limit & Q <= limit","M01-020_slice2","Upper","With Min Limit"
"469","High","Chub","Adult","Velocity","M01-020","201118_Oso,_Small_Creeks_Existing_Conditions","slice2",NA,NA,"Q >= min_limit & Q <= limit","M01-020_slice2","Upper","With Min Limit"
"470","Low","Chub","Adult","Velocity","M02-011","201118_Oso,_Small_Creeks_Existing_Conditions","slice3",1.73,1.02597132119725,"Q >= min_limit & Q <= limit","M02-011_slice3","Upper","With Min Limit"
"471","Low","Chub","Adult","Velocity","M02-011","201118_Oso,_Small_Creeks_Existing_Conditions","slice3",NA,NA,"Q >= min_limit & Q <= limit","M02-011_slice3","Upper","With Min Limit"
"472","Med","Chub","Adult","Velocity","M02-011","201118_Oso,_Small_Creeks_Existing_Conditions","slice3",1.1,0.872194578417546,"Q >= min_limit & Q <= limit","M02-011_slice3","Upper","With Min Limit"
"473","Med","Chub","Adult","Velocity","M02-011","201118_Oso,_Small_Creeks_Existing_Conditions","slice3",NA,NA,"Q >= min_limit & Q <= limit","M02-011_slice3","Upper","With Min Limit"
"474","Low","Chub","Adult","Velocity","M02-020","201118_Oso,_Small_Creeks_Existing_Conditions","slice2",0.61,1.02597137285225,"Q >= min_limit & Q <= limit","M02-020_slice2","Upper","With Min Limit"
"475","Low","Chub","Adult","Velocity","M02-020","201118_Oso,_Small_Creeks_Existing_Conditions","slice2",NA,NA,"Q >= min_limit & Q <= limit","M02-020_slice2","Upper","With Min Limit"
"476","Med","Chub","Adult","Velocity","M02-020","201118_Oso,_Small_Creeks_Existing_Conditions","slice2",0.44,0.872194434799171,"Q >= min_limit & Q <= limit","M02-020_slice2","Upper","With Min Limit"
"477","Med","Chub","Adult","Velocity","M02-020","201118_Oso,_Small_Creeks_Existing_Conditions","slice2",NA,NA,"Q >= min_limit & Q <= limit","M02-020_slice2","Upper","With Min Limit"
"478","High","Chub","Adult","Velocity","M02-020","201118_Oso,_Small_Creeks_Existing_Conditions","slice2",0.34,0.740116257712435,"Q >= min_limit & Q <= limit","M02-020_slice2","Upper","With Min Limit"
"479","High","Chub","Adult","Velocity","M02-020","201118_Oso,_Small_Creeks_Existing_Conditions","slice2",NA,NA,"Q >= min_limit & Q <= limit","M02-020_slice2","Upper","With Min Limit"
"480","Low","Chub","Adult","Velocity","J01-010","201105_Aliso_Recalibration_Update","slice2",34.38,0.91907234226991,"Q >= min_limit & Q <= limit","J01-010_slice2","Upper","With Min Limit"
"481","Low","Chub","Adult","Velocity","J01-010","201105_Aliso_Recalibration_Update","slice2",NA,NA,"Q >= min_limit & Q <= limit","J01-010_slice2","Upper","With Min Limit"
"482","Low","Chub","Adult","Velocity","J01-020","201105_Aliso_Recalibration_Update","slice3",1.29,1.02597129135121,"Q >= min_limit & Q <= limit","J01-020_slice3","Upper","With Min Limit"
"483","Low","Chub","Adult","Velocity","J01-020","201105_Aliso_Recalibration_Update","slice3",NA,NA,"Q >= min_limit & Q <= limit","J01-020_slice3","Upper","With Min Limit"
"484","Med","Chub","Adult","Velocity","J01-020","201105_Aliso_Recalibration_Update","slice3",0.67,0.87219443780263,"Q >= min_limit & Q <= limit","J01-020_slice3","Upper","With Min Limit"
"485","Med","Chub","Adult","Velocity","J01-020","201105_Aliso_Recalibration_Update","slice3",NA,NA,"Q >= min_limit & Q <= limit","J01-020_slice3","Upper","With Min Limit"
"486","High","Chub","Adult","Velocity","J01-020","201105_Aliso_Recalibration_Update","slice3",0.46,0.740116264101846,"Q >= min_limit & Q <= limit","J01-020_slice3","Upper","With Min Limit"
"487","High","Chub","Adult","Velocity","J01-020","201105_Aliso_Recalibration_Update","slice3",NA,NA,"Q >= min_limit & Q <= limit","J01-020_slice3","Upper","With Min Limit"
"488","Med","Chub","Adult","Velocity","J01-030","201105_Aliso_Recalibration_Update","slice3",0.09,0.872194433744548,"Q >= min_limit & Q <= limit","J01-030_slice3","Upper","With Min Limit"
"489","Med","Chub","Adult","Velocity","J01-030","201105_Aliso_Recalibration_Update","slice3",NA,NA,"Q >= min_limit & Q <= limit","J01-030_slice3","Upper","With Min Limit"
"490","High","Chub","Adult","Velocity","J01-030","201105_Aliso_Recalibration_Update","slice3",0.06,0.740116257817705,"Q >= min_limit & Q <= limit","J01-030_slice3","Upper","With Min Limit"
"491","High","Chub","Adult","Velocity","J01-030","201105_Aliso_Recalibration_Update","slice3",NA,NA,"Q >= min_limit & Q <= limit","J01-030_slice3","Upper","With Min Limit"
"492","Low","Chub","Adult","Velocity","J01-031","201105_Aliso_Recalibration_Update","slice2",0.77,1.02597251219119,"Q >= min_limit & Q <= limit","J01-031_slice2","Upper","With Min Limit"
"493","Low","Chub","Adult","Velocity","J01-031","201105_Aliso_Recalibration_Update","slice2",NA,NA,"Q >= min_limit & Q <= limit","J01-031_slice2","Upper","With Min Limit"
"494","Low","Chub","Adult","Velocity","J01-040","201105_Aliso_Recalibration_Update","slice4",7.18,1.02597149476266,"Q >= min_limit & Q <= limit","J01-040_slice4","Upper","With Min Limit"
"495","Low","Chub","Adult","Velocity","J01-040","201105_Aliso_Recalibration_Update","slice4",NA,NA,"Q >= min_limit & Q <= limit","J01-040_slice4","Upper","With Min Limit"
"496","Low","Chub","Adult","Velocity","J01-041","201105_Aliso_Recalibration_Update","slice2",2.52,1.02597131635656,"Q >= min_limit & Q <= limit","J01-041_slice2","Upper","With Min Limit"
"497","Low","Chub","Adult","Velocity","J01-041","201105_Aliso_Recalibration_Update","slice2",NA,NA,"Q >= min_limit & Q <= limit","J01-041_slice2","Upper","With Min Limit"
"498","Med","Chub","Adult","Velocity","J01-041","201105_Aliso_Recalibration_Update","slice2",1.56,0.872194434369724,"Q >= min_limit & Q <= limit","J01-041_slice2","Upper","With Min Limit"
"499","Med","Chub","Adult","Velocity","J01-041","201105_Aliso_Recalibration_Update","slice2",NA,NA,"Q >= min_limit & Q <= limit","J01-041_slice2","Upper","With Min Limit"
"500","Low","Chub","Adult","Velocity","J01-060","201105_Aliso_Recalibration_Update","slice2",0.76,1.02597132432003,"Q >= min_limit & Q <= limit","J01-060_slice2","Upper","With Min Limit"
"501","Low","Chub","Adult","Velocity","J01-060","201105_Aliso_Recalibration_Update","slice2",NA,NA,"Q >= min_limit & Q <= limit","J01-060_slice2","Upper","With Min Limit"
"502","Med","Chub","Adult","Velocity","J01-060","201105_Aliso_Recalibration_Update","slice2",0.55,0.872194442534375,"Q >= min_limit & Q <= limit","J01-060_slice2","Upper","With Min Limit"
"503","Med","Chub","Adult","Velocity","J01-060","201105_Aliso_Recalibration_Update","slice2",NA,NA,"Q >= min_limit & Q <= limit","J01-060_slice2","Upper","With Min Limit"
"504","High","Chub","Adult","Velocity","J01-060","201105_Aliso_Recalibration_Update","slice2",0.29,0.740116254932159,"Q >= min_limit & Q <= limit","J01-060_slice2","Upper","With Min Limit"
"505","High","Chub","Adult","Velocity","J01-060","201105_Aliso_Recalibration_Update","slice2",NA,NA,"Q >= min_limit & Q <= limit","J01-060_slice2","Upper","With Min Limit"
"506","Low","Chub","Adult","Velocity","J01-061","201105_Aliso_Recalibration_Update","slice2",2.79,1.02597140628461,"Q >= min_limit & Q <= limit","J01-061_slice2","Upper","With Min Limit"
"507","Low","Chub","Adult","Velocity","J01-061","201105_Aliso_Recalibration_Update","slice2",NA,NA,"Q >= min_limit & Q <= limit","J01-061_slice2","Upper","With Min Limit"
"508","Low","Chub","Adult","Velocity","J01-090","201105_Aliso_Recalibration_Update","slice2",0.68,1.02597131519621,"Q >= min_limit & Q <= limit","J01-090_slice2","Upper","With Min Limit"
"509","Low","Chub","Adult","Velocity","J01-090","201105_Aliso_Recalibration_Update","slice2",NA,NA,"Q >= min_limit & Q <= limit","J01-090_slice2","Upper","With Min Limit"
"510","Low","Chub","Adult","Velocity","J01-091","201105_Aliso_Recalibration_Update","slice2",0.46,1.02597128906673,"Q >= min_limit & Q <= limit","J01-091_slice2","Upper","With Min Limit"
"511","Low","Chub","Adult","Velocity","J01-091","201105_Aliso_Recalibration_Update","slice2",NA,NA,"Q >= min_limit & Q <= limit","J01-091_slice2","Upper","With Min Limit"
"512","Low","Chub","Adult","Velocity","J01-100","201105_Aliso_Recalibration_Update","slice2",0.46,1.02597129500823,"Q >= min_limit & Q <= limit","J01-100_slice2","Upper","With Min Limit"
"513","Low","Chub","Adult","Velocity","J01-100","201105_Aliso_Recalibration_Update","slice2",NA,NA,"Q >= min_limit & Q <= limit","J01-100_slice2","Upper","With Min Limit"
"514","Low","Chub","Adult","Velocity","J03-010","201105_Aliso_Recalibration_Update","slice2",1.13,1.02597128979699,"Q >= min_limit & Q <= limit","J03-010_slice2","Upper","With Min Limit"
"515","Low","Chub","Adult","Velocity","J03-010","201105_Aliso_Recalibration_Update","slice2",NA,NA,"Q >= min_limit & Q <= limit","J03-010_slice2","Upper","With Min Limit"
"516","Med","Chub","Adult","Velocity","J03-010","201105_Aliso_Recalibration_Update","slice2",0.77,0.872194439145843,"Q >= min_limit & Q <= limit","J03-010_slice2","Upper","With Min Limit"
"517","Med","Chub","Adult","Velocity","J03-010","201105_Aliso_Recalibration_Update","slice2",NA,NA,"Q >= min_limit & Q <= limit","J03-010_slice2","Upper","With Min Limit"
"518","Low","Chub","Adult","Velocity","J04-010","201105_Aliso_Recalibration_Update","slice3",9.7,1.02597194898834,"Q >= min_limit & Q <= limit","J04-010_slice3","Upper","With Min Limit"
"519","Low","Chub","Adult","Velocity","J04-010","201105_Aliso_Recalibration_Update","slice3",NA,NA,"Q >= min_limit & Q <= limit","J04-010_slice3","Upper","With Min Limit"
"520","Med","Chub","Adult","Velocity","J04-010","201105_Aliso_Recalibration_Update","slice3",5.98,0.872194447373127,"Q >= min_limit & Q <= limit","J04-010_slice3","Upper","With Min Limit"
"521","Med","Chub","Adult","Velocity","J04-010","201105_Aliso_Recalibration_Update","slice3",NA,NA,"Q >= min_limit & Q <= limit","J04-010_slice3","Upper","With Min Limit"
"522","Low","Chub","Adult","Velocity","J05-010","201105_Aliso_Recalibration_Update","slice1",1.77,1.02597214011297,"Q >= min_limit & Q <= limit","J05-010_slice1","Upper","With Min Limit"
"523","Low","Chub","Adult","Velocity","J05-010","201105_Aliso_Recalibration_Update","slice1",NA,NA,"Q >= min_limit & Q <= limit","J05-010_slice1","Upper","With Min Limit"
"524","Med","Chub","Adult","Velocity","J05-010","201105_Aliso_Recalibration_Update","slice1",1.17,0.872194786202802,"Q >= min_limit & Q <= limit","J05-010_slice1","Upper","With Min Limit"
"525","Med","Chub","Adult","Velocity","J05-010","201105_Aliso_Recalibration_Update","slice1",NA,NA,"Q >= min_limit & Q <= limit","J05-010_slice1","Upper","With Min Limit"
"526","Low","Chub","Adult","Velocity","J07-010","201105_Aliso_Recalibration_Update","slice1",1.28,1.02597182991182,"Q >= min_limit & Q <= limit","J07-010_slice1","Upper","With Min Limit"
"527","Low","Chub","Adult","Velocity","J07-010","201105_Aliso_Recalibration_Update","slice1",NA,NA,"Q >= min_limit & Q <= limit","J07-010_slice1","Upper","With Min Limit"
"528","Med","Chub","Adult","Velocity","J07-010","201105_Aliso_Recalibration_Update","slice1",0.87,0.872194444932896,"Q >= min_limit & Q <= limit","J07-010_slice1","Upper","With Min Limit"
"529","Med","Chub","Adult","Velocity","J07-010","201105_Aliso_Recalibration_Update","slice1",NA,NA,"Q >= min_limit & Q <= limit","J07-010_slice1","Upper","With Min Limit"
